# Two synthetic, quite well-separable 2d-normally-distributed,
# of size 1024 each (first 1024 rows, next 1024 rows)
# plus 8 outliers.
#
# Generated in R via:
#
# set.seed(1205)
# n <- 1024
# x <- rbind(
#     MASS::mvrnorm(n, c(-1, -1), matrix(c(0.75, -0.5, 0.5, 0.55), nrow=2)),
#     MASS::mvrnorm(n, c(1, 1), matrix(c(0.7, -0.5, 0.5, 0.995), nrow=2)),
#     c(-3.0,  3.0),
#     c( 3.0,  3.0),
#     c( 3.0, -3.0),
#     c(-3.0, -3.0),
#     c(-3.5,  3.5),
#     c(-2.5,  2.5),
#     c(-2.0,  2.0),
#     c(-1.5,  1.5)
# )
-1.00873692288053,-1.33630642824133
-1.22236586132872,-0.665936419895077
-0.813724158361557,-1.52830000141364
-0.0288074073871514,-1.58697237211963
0.0466070735472468,-1.87331118004628
-0.235970783805348,-0.464870892443128
-0.65291839977865,-0.112238860641752
-1.20365421559281,-0.693887877423167
-0.281113610763767,-1.74307434924063
-0.938434891095686,-1.39174183718712
-0.909603688827829,-0.89133962880825
0.112965078321451,-1.21717545236353
-1.53753135402431,-1.57893825540804
-2.02923387316393,-0.10480517775549
0.666307102744841,-2.56394422254753
-1.72591154726308,-0.86503964757398
0.985445014434297,-2.58415930751104
-2.31357772427455,-1.02440881949295
-1.6147161541105,-1.0661942867603
-0.84543619869218,-1.24191913576584
0.626985209828226,-2.99394401164002
0.304282252288077,-2.50489358174522
-0.693887743060337,-1.53658109149056
-1.38366633246825,0.189534895770751
-2.07666580733669,-0.732519597859764
1.15341509476766,-2.60668857879328
-1.68968344347016,-0.166029358225378
-1.36812630518291,-1.12800812679415
-0.680743601715995,-1.3121772620914
-1.05405646233343,-1.34243824027597
-1.4865914194774,-0.640948091138931
0.0413896716248277,-2.05719107237363
-1.8535127592754,-0.840653098798727
0.936555571907087,-2.70568111427686
-1.07747764962063,-1.51718454705764
0.379919123644437,-2.88219218356408
-1.62605805551532,0.0642591039123048
-1.16817929768152,-1.26897658249894
0.906553871920371,-2.78255557905635
-2.55813427361327,0.0224093388797315
-0.404313849375337,-1.02629017066787
-0.271619308826786,-0.840953937476566
-1.62047166511257,-1.18997968186988
-2.40147304574098,-0.114549039197829
0.338856539275782,-1.53207165425112
-0.12202141731125,-1.70869220237321
-2.72765356546813,-0.0899695645350144
-1.24320747977305,-0.59046343223877
-2.52081766309514,-0.454862276541499
-1.2619560564862,-1.54465049461397
-1.49889988803495,-1.28968370709653
-1.60443845085269,-1.00717883382219
-1.62487794070039,-0.565786526847603
-1.52300457778201,-1.27318500180312
-3.21803403730868,0.806054890939595
-0.15772813790951,-1.22423020896849
0.428421271632319,-1.99496224612855
-1.08465809681508,-1.3368194562101
-1.29933189593863,-1.05279649394172
-1.22384536581149,-1.56669646426078
-1.55921187181173,-0.167268298259968
-1.98808577070907,-0.0115221831614908
-0.322927991209881,-1.50339667471737
-1.24745161899405,-0.844471487569615
-1.85053924411874,-0.476973831972823
-0.96582261666364,-1.92691069636812
-0.760219800967656,-1.11750005072549
0.200544025726053,-1.26788122506061
-1.16925992329995,-0.0820825828068813
0.50435776584571,-0.9709648339109
0.615645654319229,-2.69791441016948
-0.558790560771527,-1.0581735618013
-1.91244514550154,-0.115675038900704
-1.30979049825208,-0.584127472333684
-2.13365501808044,-0.59127228315101
-1.61289841491708,-0.695356478132033
-1.22399573477434,-1.68422716594806
-1.12886569235065,-0.926169345628449
-0.530782205766906,-1.12837642188647
-0.958133489554723,-0.62452404751537
-1.47066569843831,-0.695270463782473
-1.37351494587856,-0.00562679501632479
-0.921291630715404,-1.45608786589683
-0.388820867105445,-1.55859062229365
0.0516218130554271,-1.55944692765703
-0.817219036861073,-1.60665304725719
-1.52975907009093,-0.967924043854424
-0.546003217621974,-1.47995464139732
-0.418012731435836,-1.37955034815372
-0.121127466966232,-2.26288304239631
-0.867990158450593,-1.45851483251318
-0.736386131076705,-1.07533482586573
-0.854339715423727,-0.687907599778057
-0.0611174504425712,-1.51154380076372
-1.50722728115555,-0.994328134666851
-1.3745147840544,-1.19368250030963
-1.93990015995203,0.0747639450941855
-0.917542084436566,-1.97323308590133
-0.720804412673088,-0.901136959713507
-1.61186521845268,-0.365986384237543
-0.866600417765285,-1.51680305728786
-0.321288767629749,-1.17540597229435
-1.22307474343986,-1.00295837383906
0.428891732505609,-2.81126298520952
-0.219006719017128,-1.58205349785778
0.746327639822726,-1.82669710073396
-0.137869728647926,-1.59702720026275
0.596199170841611,-2.5627602494899
-0.669763273438196,-0.88338972149002
-0.509559790207147,-1.13758155908931
-0.804012161619138,-2.21332501949511
-2.04145397755319,-0.539946165801481
-1.26057825520592,-0.77098093656056
-0.0672248705696588,-1.62899210106434
-0.447901623181995,-1.58355711939973
-1.27180731784705,-0.328610005273664
-0.856016536619429,-0.392394733754767
-0.217074849698429,-1.19956429200738
-1.79713058675566,-0.601211354495852
0.0860625060871105,-1.70198731515979
-2.60846143800825,0.169876670370594
-1.22720528375803,-1.09917115292221
-0.112595801141285,-1.70212804353928
0.226146095581691,-2.03053423708494
-0.686265676198793,-1.21704116470937
-0.892600967354046,-0.683912704595852
-1.90296827373087,-0.805499024144317
1.34780748121972,-2.73957281249763
-1.04667189924536,-0.682178040584967
-0.529282443041171,-1.71569185213345
1.45070593862596,-2.4997606472151
-0.353594225178255,-1.6468648445666
-0.100732062910896,-2.27166438953733
-2.76854334596118,0.139625822978016
-1.10334233745287,-0.497593319321481
-0.00999257767958983,-0.791554025323039
-1.1872096120134,-1.59505669588346
-0.766821992341438,-1.95474270173743
-0.250202624554621,-1.2171023452574
-1.44420700805725,-1.04317418128917
-1.96311581263776,-0.422070692351806
-1.16571630878291,-0.687886015187722
-1.88016805620391,0.119979049651534
0.759874525923794,-2.17303098136338
-2.16023778675129,-0.0444800550294969
-1.36888594052387,-0.820260241953911
-1.50909618321764,-0.573198177388494
-1.40481448586478,-0.0920638244952813
-2.3396400686483,0.665221932147249
0.18490074680758,-1.668051754739
-1.7440400572701,-0.669196423078744
-0.970047063785948,-1.34309377252452
-2.1646864575455,0.330186102715929
-1.49696820245168,-0.530247676128378
-0.457202112069803,-1.70106986481207
-0.498789106408156,-1.48531916063044
-1.10932441268073,-1.52330465943962
-0.512809850298988,-1.33363614636413
-1.76869967902546,-0.854816341171638
-0.450427431872063,-1.00959947719325
-0.368172814747449,-1.66098309214532
0.951424128582485,-2.45196339875064
-0.497687227980998,-0.974833922569272
-1.9111436647768,-0.444993325272762
-1.08027952940219,-1.3211139655038
-0.262090852884282,-2.02012214524411
-1.26851999687578,-0.442569706492476
-1.58743017630714,-0.599752592628284
-1.13094460663003,-1.02266130843256
-2.64723918586866,-0.349849762590765
-2.36365631702614,-0.180321340633251
-0.213878571579656,-1.36678483936225
0.1759770782418,-1.74188921253812
-2.29433120025824,0.202298102024257
-0.253908482493487,-1.19955754068395
-0.859169468950923,-1.02875006063863
1.63157020752221,-2.71595393369877
-1.39068497327906,-0.811547914414987
-0.64237036347648,-2.14211773435948
0.704515778993529,-2.86363745795743
0.417840828802618,-1.3144785178175
-0.360088903586742,-0.664553983422782
0.348465165415674,-1.87377855064036
0.679209868856288,-1.59021162355935
-0.973735591273573,-0.417268856123569
-0.354418798794578,-1.48420261323223
-1.50365867727512,-0.812858327583321
-0.406261684878264,-1.13735347314712
0.547362558599466,-1.5758879983007
-1.36799593648316,-1.22207816024139
-0.591208020574546,-1.99067899029314
-1.16537957217299,-1.08865470648583
0.785317131054367,-2.55845185913581
-0.200134695561027,-1.57465562751086
-0.416035220400821,-1.5198711685149
-1.47758668591749,-0.907023446181993
-0.553226449845685,-1.78065734246739
0.00690837175489656,-1.77988113715659
0.0684454532788081,-1.47590792783501
0.476547022346329,-1.75627609661085
-0.420281078147937,-1.47595080353001
-1.36284886597657,-0.882401864277892
-1.0326270286753,-1.22723056957358
-0.110882569085835,-1.45760020961738
-2.3553792886407,-0.118012658880957
-0.617654338691945,-1.29569012169325
0.145251635383618,-1.14370123156198
-2.19442248858114,0.315850239024551
0.635306321947065,-2.19846302497589
0.852537980204738,-3.06601381387479
-1.14596711417954,-1.22317862177978
-1.35776742323709,-1.07152085251092
-1.46820070145179,-0.327386114810755
-1.3108534553078,-1.32370928550763
-2.53121085558537,-0.80010185880239
-0.778524401131558,-0.533749981289312
-1.62935274182343,-1.45698869539937
-0.103123617283886,-1.64724291120057
-1.72876388521966,-0.961640663268984
-1.69543906894553,-0.552454243597277
-1.10158294443019,-0.308533498155381
-1.30196242106636,-1.33821768770151
-1.52512679413652,-0.532426476879361
-1.2125840700414,-0.091438819427953
-0.19853006975811,-1.10049767633909
0.307160405794617,-1.6483625763832
-0.667250461252456,-1.44843807983224
-0.972331236010186,-1.64769787775613
-0.309699479911574,-1.93464337630464
0.0182308920359135,-2.47723445807855
-0.260808670600572,-1.52853152422285
-2.35495869760025,-0.568856071777045
-1.54954411910547,-0.978933326307407
-0.392047894469676,-1.04439116626134
-0.831039413499762,-1.22966019384419
0.549414902130989,-1.8226592472726
-2.21377287887248,0.777915484032457
-1.3561243736451,-0.586169600955713
-0.140483540780931,-1.43990336449761
-0.567958074984167,-1.73663481144566
-0.75483348873478,-1.14470765536106
0.29267408235721,-1.03717287396919
-0.94120234407125,-0.789711120528965
0.274149728908332,-1.22136091607777
-1.46264802858676,-1.07366451165637
-1.11194666688875,-0.99704244893878
-0.385554941462578,-1.77003244621327
-0.866965036935052,-1.36934821631564
0.132694279551343,-1.73116740674483
-2.22794704844488,0.246120254993151
-0.909084683824976,-1.07245531961665
-2.40742181452253,-0.302862141201647
-1.55839473361587,-0.184449146522665
-1.02664178383132,-1.22831352665925
-0.562574056739892,-1.57995484969879
-2.37591715020085,0.068322842139942
-2.09126978092931,0.392730112574253
-0.271771141643103,-1.25320689123108
-2.67512404216845,-0.42016500411091
0.336108792847417,-3.23455200820943
0.374712211511351,-2.96800189404964
-2.30315038482869,0.443578837224024
-0.964992729713593,-0.935750202799692
-1.19954944154495,-0.105438937275876
-1.9804933636856,-0.416724052120467
0.867216153358156,-1.21053032488312
-0.370739821285104,-1.20386295402583
-0.467944953963229,-1.45239174637552
-0.745417769454666,-1.63961707118203
0.621600568466728,-2.1474578284124
-2.20846008621635,0.0984494598128869
-0.903474021088481,-1.29448962344144
0.700015310107651,-1.61952400450355
-2.09931295662238,-0.0114918564309122
-0.090384038483973,-1.25973521618779
-0.332254074849377,-1.42315315420691
0.304757673281777,-0.842985705606204
0.318014501079591,-2.34878099493406
-0.826772326938657,-1.32164805108153
0.106101809769561,-1.50818204570642
-0.635640902481046,-2.3033285522357
-1.07771197180069,-1.12668652428078
-0.803684226399644,-1.26674598228424
-0.722663098032629,-0.991555493785905
-1.1491955804155,-0.770979854061546
-0.969582076943124,-1.30462978566496
-0.949965646501966,-1.04123866442198
0.576031939573673,-1.62444712997109
-2.91428205933791,0.489733092957361
-1.72561692991756,-1.06332504217818
-0.432390957889468,-1.59851438453947
0.122927250812441,-1.8071297531102
-1.31375240152451,-1.13128934169498
-1.87268312639583,0.00602227906488539
-0.870667760404702,-1.4937514099883
0.0420205513077536,-1.40634114590365
-1.86648449396603,0.755715760762032
-0.0637090275265061,-1.89164429400556
-0.496640038553219,-1.51393375372509
-0.603410631712017,-0.854664170071153
-1.25078379086888,-1.07566080636305
1.32113664562899,-2.46882105563226
-0.395404250827722,-2.14446736801302
-1.75925184538667,0.116171054065216
0.106681086320662,-1.48173276383839
-0.265879904133971,-1.82100875206523
-1.74728343287766,-0.466833840412709
-0.550751915354511,-0.826170575617706
-1.56719214933004,-0.84031554999628
-1.67554658031934,-0.632269828439823
-0.931161598565593,-0.757588688785982
-1.48134448234999,-0.946770461463039
0.173507445117945,-1.51300343765939
0.263137420790463,-2.14359641593906
0.012200710412462,-1.26002101752808
-0.50841387035126,-1.86680685190372
-0.713482533546996,-1.37582208311176
-1.36737111213421,-0.454258973219466
-0.728533027777542,-0.00133636029197404
-0.740449574240694,-0.894097628519384
-1.3814279949866,-1.04062773630569
-0.489318861741425,-1.59463074642732
-1.9285450447575,-0.0196314874309423
0.306803148844399,-2.09833652201107
-0.791517797365407,-0.767098432238294
-0.776652593454452,-0.282312102193017
0.53961766395628,-1.9357045119729
-1.02762144967195,-0.762229406974195
-0.747810154152352,-1.83145521184169
-1.74050421804933,0.0691029381532797
-1.75007932165028,-1.01275950632446
-0.0295514954054074,-1.43838890776754
-1.88615147948798,-0.628634208279988
-0.71808326791078,-1.02001453398014
-0.673825995410018,-0.912797965478825
-0.655327462140231,-1.52550642150137
-1.15299406688818,-1.18880839608788
-0.734101637862468,-1.13920581297207
1.24660179922906,-1.85443530753093
-0.76557552893993,-1.1550369679352
-2.10557614313159,-0.282310095424395
-2.98826894966466,0.978782304516692
-0.943136877003075,-1.63657524720282
-1.77603662447161,-0.209999612539372
-1.31823838286922,-0.908071377699844
-2.46535899034617,0.324083403751964
-2.40547783865643,0.238257496748832
-0.590421796774735,-1.53424959012646
-1.69955033833831,-0.551712567122055
-0.298185300607378,-1.76702085165867
-1.95665166047479,-0.931667730900491
-1.10247063274589,-1.0197236530644
-0.626146589441325,-2.44267981653374
-0.344997514935403,-1.24760238213704
-1.24432571707108,-0.905990735598854
-0.63017014304541,-1.93752743627845
-0.528223137724583,-1.19783466339117
0.698990905813504,-2.61218782102339
-0.639847017318954,-0.996876304825674
-0.038049262481791,-1.58772686121421
-1.23113671867024,-1.34108480415662
-1.30276518286114,-0.991033489827193
-1.88584796880572,-1.91713010648249
-1.25053204508248,-0.477748387269869
-0.608685909376728,-0.85298439723415
-1.53596836764981,-0.794239386394791
-0.911728501664868,-0.777676255316781
-1.18598919148051,-1.38384711350158
-0.834058329133318,-1.41565368655726
-1.16393090564508,-1.02068464811938
-0.879483167034986,-2.0153337267657
-0.511470647998485,-1.31775639905104
-1.39171171403909,-0.945521784025556
-1.32162219003582,-0.666953924027789
-1.64274232789679,-1.67171837150568
0.745918197111353,-2.43347857129342
-2.98995152541122,0.367825310419253
0.996696076509717,-2.89523120872289
-0.0620040908473712,-1.19440365808889
-1.55078617151408,0.189196551047357
-0.085740457815092,-1.27907281290054
-0.674822227936377,-0.578929987540561
-1.83773435919159,-0.25863870344305
-2.32142425049405,0.310848046608658
-0.496659466907555,-1.49220811519932
-0.935468323808775,-0.72601778256179
-0.407100484812793,-2.06752200996114
-1.15667371477645,-1.04932157894704
-0.463862902495955,-1.29391193174345
-0.557450311911582,-1.06196526134846
-2.39861296222458,-0.360906830002591
-2.25769374565412,0.036876129787744
-0.867730867647701,-1.42151237438928
-2.14261938298401,-1.23218538923061
-0.440693422543462,-1.23211751238834
-0.770456833096329,-0.531385898364545
0.0229098113654007,-1.66229055972542
0.307932797999322,-1.68461895545852
-1.38754438764633,-1.56310881210242
-0.183094428635783,-1.410934174765
-1.38456726909831,-0.919707752328926
-1.14758231514132,-0.130480387721284
-1.008123467236,-2.06655931912846
-1.75562566823171,-0.437127359699447
0.878255600034435,-2.00772182912827
-0.726296686199414,-1.25318270467629
-1.24669830103621,-1.70239292575014
-1.08418235702998,-0.950562995041455
-1.59324819347669,-1.01989892492355
-1.56701106016334,-0.0505433739255475
-3.44223543062484,1.19997479868787
-2.00958024146221,-1.06451436519235
-1.60263735273841,-0.563954685006522
-0.657118615054179,-1.88222425037658
0.301782611183291,-2.20492475018985
0.180624387172203,-2.30546091946586
-2.58937285582774,-0.18235118439451
0.126628038183902,-1.4333900862715
-1.80135709634841,0.119043658049639
-2.02955795076798,-0.461895534942719
-0.108752752110033,-2.17133121158244
-1.26309973498153,-1.43369410648666
-1.30614188379873,-0.784319499133963
-1.18914083371719,-1.89124356071686
-1.40188160218054,-0.389120035219598
-1.27373164086138,-0.794315830189486
-0.242069464962563,-1.58191633997393
-0.641216101930905,-1.24477623350408
-1.2981186677691,-1.45630641952781
-0.101682666195122,-0.735114958970813
0.272704208590835,-0.984911207088601
-2.42191578490368,-0.132082399857239
-1.7598957779659,0.465823381041071
-0.852480315090297,-0.711097829754779
0.122950282593316,-1.43818217593505
-2.45098804313236,-0.0694091475964398
-1.83294730617788,-1.17825929868797
-1.47972743069727,-1.36710507259493
-0.407196271139869,-0.420710567112051
-0.562013161237084,-0.552478022968751
0.61593410729478,-2.67469358686485
-2.4635700160207,-0.107754862380548
-1.74964285261204,-1.31673937755029
-1.82949609480846,-0.585177475807724
-1.76505608611771,-1.1848834937508
-1.10244691401787,-0.714344672803225
-2.06329753483854,-0.210051547146409
-0.0138130830034948,-1.5302957812986
-0.847155614261109,-0.733904391191208
-0.453289216925913,-1.04008049933339
-0.867701970315289,-1.22989012314827
-0.154349719581962,-2.32863040694351
0.0377779537172904,-2.01761798977579
-0.616836266051492,-1.44262651465988
0.371026823849701,-1.97439894303041
-1.87129049453746,-0.577953534157899
-0.334778277999034,-1.69570477425843
-2.36129075826448,-0.384749428966738
-2.21168592591335,-0.262444143120632
0.188809114468018,-1.56579700015729
0.712601633285455,-1.76817193383541
-0.832076990229158,-0.711997241058451
0.259029177442062,-1.70394168471051
1.03496201939019,-1.92757669566488
-0.332221847904783,-1.27973544418802
-0.774349655224666,-1.43678647552198
-0.433713212837495,-1.12885574602839
0.830603996213869,-2.68247250949503
-1.13403639164007,-1.16386556363047
-1.2451974079644,-0.783576679601472
-0.679438943149613,-0.31667250799342
-1.85300514544505,-0.227319480948122
-0.675309019837361,-1.82773142764423
-0.865901962194003,-0.990935550564287
0.328276837898938,-1.92556887330078
-0.485091797805778,-0.413813058538418
-0.372566131249658,-1.0210062462588
0.25841180072014,-2.19930066205065
-0.921735784337183,-1.66491076597343
-2.0745914898295,-1.08835541410913
-0.989187505802564,-1.47688012540307
-0.357452928703448,-1.48312234223639
-0.956130198232415,-0.89981097037082
-0.923342575683357,-0.679024302754712
-0.750778799657529,-0.950699353841761
-0.270319959612373,-1.25381481557353
-0.642355564200916,-1.04715788227473
-2.44064094036453,-0.163167977877551
-1.47357547119884,-0.696991058387939
0.0899001191632041,-1.95593821615799
0.0561288444319021,-1.09762632758345
-1.23694617987291,-1.12263240580602
-1.69679458600373,-0.993137814528882
-1.38626424291245,-0.863347574285125
-0.0582763371813624,-1.18382999820874
-1.78426397275378,-0.127594033859835
-1.93043542079275,-0.409953698973069
-1.71363951987518,-1.0285517308217
-0.460260398279731,-1.57994600428943
-0.884454134214283,-1.59438974873122
-2.22536304840485,-0.525923793381187
-2.71028115552859,0.413043643047079
-0.459454465972674,-1.91652194515462
0.176222582144862,-1.64391872414453
-2.58179396571927,-0.46511536903086
-0.562531618989404,-1.14250693170761
0.0166699417579244,-1.84831451135416
-0.430539165705647,-0.802467791823338
-1.68031963739163,-1.25188925581525
-0.501460589871802,-1.14571166790666
-1.43349426993767,-0.482610757616333
-1.33971357639497,0.128373217802992
-0.241587408072489,-0.410774414702843
-0.178194792219239,-1.31386710589295
-2.94279456498252,-0.223761667777825
0.635013502768438,-2.64972191468078
-1.02639082799792,-0.743139629344103
-0.569013368674104,-1.7077810991052
-0.275455123647515,-0.591296397900428
-0.510825628874057,-1.05577567044298
-2.635730235098,0.160349283366534
-0.150000116872185,-1.82207267917249
0.128856441410123,-2.17834127910698
-1.36404134692729,-0.776305953568239
0.546957769593212,-2.46075781788974
-1.14595046535896,-0.629824656740902
-1.57476182545436,-0.195142907348324
-0.132323415916464,-1.09215961007581
-2.92166064526359,0.200391660382771
-1.40076349248602,-1.37483622863549
-0.571604303989415,-0.37779552963176
-0.743453465746504,-1.83374289684922
-1.08004583736534,-1.03343219730014
-0.0867819169519518,-1.43706779839529
-0.673673892286001,-1.78434933839021
-0.993587976674276,-0.765914051774304
-0.467041112761019,-2.014270052698
-0.228138935126345,-0.916727928901097
-0.0484300246381772,-2.30908231267351
-0.906152980342674,-1.14658924638921
0.534152053503977,-2.22543970229161
-1.46446894579815,-0.709049778884804
0.800558008449281,-2.80146694674005
-0.880204149573167,-0.213520070529719
-2.02783735390473,0.179840664511236
-1.60321848635934,-1.07824389377219
-1.20121482191139,-0.638601843236404
-0.864663855953,-1.19981975175198
-1.43110116628276,-0.673158797121176
-1.79988426927872,-0.244402452294248
-1.4082894120262,0.143136879430603
-0.80177837047955,-0.861018453887501
0.625572336704513,-1.78104431801176
0.474902564081181,-2.72966143093854
0.200056570572054,-1.60403702494549
-0.138211596293962,-2.08318337633219
-3.16821817505847,0.561688774124124
-1.87292836336806,-0.27294929936049
-0.998953600949647,-1.03471215797206
-1.76701274799987,-0.515763840044851
-0.759857029746642,-1.15965706374793
-0.350017788112046,-1.13997139044586
-0.881740392278591,-1.08222908491465
-1.21479162019075,-1.52916835255163
-0.595962001270567,-1.34667523229885
-1.78152526330423,-1.41407999114615
-0.564763450835115,-1.72705673266167
-1.26579889627009,-1.5540376353594
0.227780692486421,-2.10443327344499
-2.69694124511979,-0.140856193385014
-1.24919043860589,-0.643049067842016
0.24084804751799,-2.58529891664768
-2.4880792032461,0.245209685020104
-3.24417744128174,-0.147184140246819
0.0276041701542882,-2.48325402131735
-2.49850189318168,-0.257762215624164
-2.47451346916238,-0.702137543580723
-0.707305655962525,-0.660438650492524
-1.00225777626372,-0.50409098718232
-0.924192236009682,-0.479175521393842
-0.79275570750726,-0.652463169663049
-0.909362921403833,-0.737219481656954
-1.26689773127808,-0.393776546198612
-0.697690909594964,-1.87384694655326
0.171941830168739,-1.52955523755508
-2.38230091323796,-0.71771990585934
-0.677020868231074,-1.49015864123926
-1.66272644903272,-0.929172314740671
-1.07731496798252,-0.858728867699303
0.351586552503861,-2.21475719052441
-1.75070076162543,-0.0474872749708224
-2.15555141625538,-0.0592280939190591
-0.954460026265207,-1.06871060926914
-0.561118857690493,-1.23393616398042
-0.34704306884282,-0.850194941774945
-1.26770258357337,-1.00486216358128
-3.77868777715531,0.929892139546832
0.559259246267268,-1.4609301921534
-0.0989608126283144,-1.09008609714407
-0.423120484140371,-1.20038262713841
0.0617464106152765,-1.65640621944348
-1.19690190794141,-1.43659513962227
-0.144947252654293,-1.66661207815898
-0.405325497481051,-0.566674318538451
-1.44974243653241,-0.491601597610853
-1.22118338761732,-1.11894077241543
-1.80675755662698,-0.0143092224416933
-2.79872092610351,-0.0176717033517092
-1.71487583456637,-1.07951621904742
-0.193794560087171,-1.06655929283726
-2.17983642666163,0.113014160749176
-0.594199554805038,-1.22425988476911
-0.171927791363104,-1.33289262744321
0.554588177309359,-2.00058971277014
-0.751742510380664,-1.40471120378878
-1.199249296411,-0.948372128596741
-2.2054898346688,-0.712390170965433
1.12718755488336,-2.20003746031234
-1.78378110600501,-0.417864189164103
-3.28029925869027,0.525722646812864
-1.64229182286603,-0.682422067443797
-1.34388594887102,-0.868826317163036
0.0252091799042296,-1.57600404225225
-0.477784443497653,-1.25228896568113
-0.533627332753883,-1.80341131431731
-1.48010143258838,-0.555881767093079
0.0966370454940686,-1.84597821472963
-1.63822329474754,0.172072969818641
-1.22925560705923,-1.20892736268149
-2.17776316932374,-1.52155406047694
-1.60053445358316,-0.128019578760482
-2.35862883308345,0.180111984666899
-0.186315826718105,-1.25496730835911
-0.934292171209121,-0.948028554137549
-1.34989224296364,-0.44922594880361
-0.0621934767636929,-1.79965231538897
-1.33264384235763,-0.693449248196531
-1.23432161546711,-1.22868859370923
0.0330199111025222,-2.79039930056436
-2.13369030942399,-0.364582310906955
-0.761536504452344,-1.45530523387374
-1.0911853109824,-1.07242017474051
-1.31937496763417,-1.1850528744326
0.0955901935424239,-1.80700975641599
1.14394486789575,-2.74893338156491
-0.999093024008592,-1.61261504938779
-0.725191500173752,-1.32488025878635
-1.19811847732247,-1.44111100451664
-0.150316166111669,-1.32704757053645
-2.20576254644757,0.0981280093474444
0.264494235567603,-1.6373008070517
-0.048177743047593,-1.92453354617918
-0.854161365858087,-1.6194445595126
-0.759210898101266,-1.65473375785066
-0.836990217757417,-1.49222046597004
-1.37059064420459,-0.625668381304465
0.429491624533964,-1.83340134076264
-2.24802552333341,-0.275140719784352
-1.15782859555224,-1.58441363761878
-0.878153975816003,-1.47765531878267
-0.925867984182791,-0.189214105572262
0.221617767655297,-1.66329918163898
-0.442515737556286,-1.26431927647837
-2.04262912138342,0.130504277145923
1.0214730595877,-1.65579915705932
-1.14814317113447,-1.09090214962551
1.5789413292362,-2.60902076988247
-0.721768350581043,-1.96451889543286
-1.91040563727093,-0.767763434072053
-1.64722281191973,-1.35067618169835
-1.73795671720323,-1.58607563369919
-0.239209222891489,-1.65380196001238
-1.53085022196213,-0.892698588956599
0.510204964124526,-2.82922151626629
0.0224926850345835,-2.01163383593193
-1.31573610093001,-0.944335021768682
-0.0937229905322536,-1.97749206185513
-1.40514799145467,-0.162071261194266
-2.2119718202645,0.0737202546520903
-1.60578674297734,-0.493605415224192
-0.500031757899944,-0.387651970924606
-2.21839347043521,-0.795237662305523
-2.42167665497157,1.10044660645622
-0.862152957633916,-1.3136866526973
0.0354947848945113,-0.952639713504254
-0.697307557337711,-1.32858235248351
-0.972875817418997,-0.028376438841594
-1.64652071770273,-1.01060693738919
-1.44931125400937,-0.479026966268421
0.4180420192024,-2.28296456117203
-1.10658554475125,-1.17197669601034
-1.8564655834,-1.33503332933937
-1.62484679431666,-0.196525469886829
0.509357297241082,-1.63199540821065
-2.45368232083215,-0.424029990270892
0.593949360084446,-1.1792898287572
0.387249443916708,-1.32021299270454
0.11595358809347,-0.983898638880103
-2.81225858530742,-0.43508069780933
-2.33314377063856,0.105343991774193
-1.21763338025646,-0.189207302782236
-1.87848029664186,0.236670101240797
-1.15914371774019,-1.23799745403923
-0.42321213185457,-0.987844732556915
-0.366343106106897,-1.18382478751844
-1.09692839180157,-1.18299035774136
-1.42893528202616,-1.03213122167742
-1.57792602782753,-0.413693345652215
-0.664954753886434,-0.90502932142671
0.621668819739491,-2.64686608890039
-1.8815176174157,-0.493887058629178
-0.471836212004323,-2.02692719669497
-1.49809091730175,-0.869697602615196
-0.798505469708193,-1.05504857985762
0.0844674039591788,-1.64769370201915
-1.8213349630959,-0.2694995844731
-0.545037761354197,-1.16127819159211
-0.244719082565187,-1.5210278172835
-1.21242604272524,-0.868628954558952
-0.339059920048658,-1.11820999221268
-0.034476781919269,-1.25667797594442
-3.04785412559842,-0.662732738729032
-3.31187564626439,1.37267217439375
0.263428033113972,-2.69282501590618
-2.39393410733558,-0.314234083171604
-0.673408245333996,-0.246585354183964
-1.13787481954894,-0.956590344037257
-1.49482567687533,-0.424960656614765
-1.89381137273304,-0.333588218678063
-1.04743967951215,-0.117356822492509
-1.49664986902811,-1.23536302653762
-2.56154400244455,-0.985723347147448
-1.04048856067793,-0.203203944765869
-1.68712720689349,-0.0379757162960482
-1.94777524591973,-0.497450672378067
-1.86629613097013,-0.759961478305999
-0.438119885930814,-0.94207073914951
-0.716194472893404,-1.15150337854718
-0.539873295454326,-1.25119951717685
-1.12335208628421,-1.52101244854036
0.63384550750307,-2.08782780306205
-1.53074867141775,-1.26293636563298
0.595122241587297,-1.66593967570401
-1.00844918763035,-1.28381011591479
-1.26847453916202,-0.463864570545532
-0.550538354348598,-1.0117678190168
-1.18935224307839,-1.08584224576591
-0.692078649299765,-1.17957811070639
-0.906397462239622,-1.2506392974796
0.626329680818067,-2.07548675979645
-0.141065342974077,-1.53286892261547
-1.06531148553001,-1.31159645683758
0.0171188258458439,-1.61761497468412
-1.74579916283114,-0.393368298460232
-1.66701974665859,-0.958788262239468
-0.402388052389893,-1.87201749019227
-0.864378049648801,-1.06930753660157
1.22697333283929,-1.85795779333785
-1.67726475987748,-1.20477898617372
-0.153377590376971,-1.75253656277998
-0.858344859763324,-0.840844391834489
-2.13510123178591,-0.133687714398991
-1.01404942355565,-0.954545555867019
-0.518818710642947,-1.17697832749553
-2.44544673076968,0.248269497914271
-0.328765928859047,-1.52311313690769
-0.974882490367279,-0.926451796487918
-0.430701806711969,-2.54434555626235
-0.838143143342447,-1.26102147609969
-2.18682092684085,-0.699370004064899
-1.48153686729588,0.146692857332232
-1.39085178810995,-1.36358766232012
-2.1734124813236,-0.404813253151405
-0.514027601616696,-1.17039048046401
-2.42147165439762,0.286880079677559
-0.29880624639128,-1.57295578401724
-1.19020183586241,-1.15031956009243
-1.7178250478178,-0.5809678694246
-1.00323192260392,-0.743800203479184
-0.567818030738425,-0.920512273098349
-1.172290182925,-0.634444251720976
-2.80199097141227,0.180874349970202
-0.437649772994798,-1.71262945521974
-0.258357641143808,-1.24699060476193
-1.22553684845876,-1.13073924520227
-1.8905660176819,-0.035981424412281
0.0485263506467692,-1.60880530708805
-1.72170743533416,-1.10126522351783
-0.360625360452827,-1.19575221555069
-1.38663996807659,-0.783418275746828
-0.955756356204383,-1.48580371179865
-1.22093219054592,-1.4444969156798
-1.53122543912927,-1.07489941975178
-0.616359905185318,-1.64681807596399
-0.221595940684648,-2.28661733545554
-1.15095483010791,-0.381669994546988
-0.332177267519772,-1.8398597791533
-0.529762281033953,-1.1975576538949
-0.0264833381029963,-1.1356524847448
-1.28005582070515,-0.299555889945744
-2.19310270695042,-0.608592413243884
-0.484831907450314,-0.758587393863998
-0.510726071829203,-1.68681069996921
-0.0830513518949095,-1.25830803370751
0.546774949701863,-1.7318738430575
-0.970353043319921,-1.50719159655661
0.77149897149892,-2.58405974445901
-2.0428663961327,0.510491413244959
-0.683350695087438,-1.20190867892828
-1.50235054956912,-1.24341308903154
-0.826667873453485,-1.28590489858496
-1.6157563781379,-0.0512925442585282
-1.22150215279273,-1.06376404674665
-0.817593599893494,-1.51917373790286
-1.0178750724199,-0.345864604609139
-0.513278531862626,-2.26502057995818
-0.354518801178579,-1.68538661323986
-0.552277241404381,-0.780500534946319
-1.55026810789136,-0.346289063162438
-1.1432907878247,-1.22155158692549
-2.48632926324329,-0.621258786478889
-0.904920652608005,-0.946922684593711
-0.32130202862012,-2.03046991125677
-1.37863170688218,-0.690133269408586
-0.0756236712805779,-1.86660756677308
-1.11089115702665,-1.96775991537962
-0.499965708624339,-0.713362531062269
-0.70369612791985,-0.944132390105309
-0.72380256408799,-1.97799017583409
-2.47457245731739,-0.538742928076696
-1.09675076093635,-0.428848039273836
-1.0859795831897,-0.732815145658164
-1.78102663288626,-0.608290321018341
-0.214692818691457,-1.3476550682199
0.0166029768932094,-1.36499561204447
-2.15178326638358,-0.425229519008578
-1.75170897874682,-0.698667901173432
-1.1456041445451,-1.28743823654494
-0.425067426898775,-1.7654348049957
0.726497440364329,-2.63515659261172
-0.228147885356153,-1.74413998806667
0.528670857114452,-1.98815997915789
-0.969149638131496,-0.843045754396804
0.00194575856869084,-1.51272817411542
-1.50649184266781,0.287354481187753
-0.63979278409283,-1.00225498274066
-1.26219766321831,-0.126505671183948
-0.775017541697249,-1.2744912728675
-0.597781879538839,-2.06788897094237
-0.400957721229873,-1.92128536085159
0.408501209422878,-2.34529706387773
-1.83997002932133,-0.211943152897446
0.374844017520253,-2.5348909346987
-1.05421337943075,-0.830476245705303
-1.25195159370016,-0.515387878874675
-0.638563931072503,-2.14115791985914
-1.41569035803452,-0.01415618363773
-0.381292911114565,-1.58399250199416
-0.116116543596292,-2.04474093470494
-2.54181599226591,0.161493741297965
-0.939858583316077,-1.06569117913177
0.0728176195912738,-1.37610250518053
-2.22153768189321,0.476873861743212
-1.20917904007062,-1.01087544249742
-1.4369527944713,0.0649590419603796
-3.25017346640476,0.40640968928439
-1.06568380028329,-0.582571746663949
-0.640249885526387,-1.60439313038454
-1.88249087744038,-0.0100957878125869
-1.82512994488191,0.060797378644508
-0.762819686624643,-0.465445981753523
0.416255655205079,-2.31819193079171
-2.32816122991524,0.567608587701027
-0.766362249459755,-1.61453741041533
-1.74742226734994,-1.21173159974185
-0.700703338882954,-0.855668427427125
0.317236014027437,-1.08230774896963
-0.605306006844867,-0.200756120440214
-1.61639126311397,0.295986922873804
-0.693774467433109,-1.72570754528958
-0.111540993044818,-0.945306183640755
-0.945451563595043,-0.462067076319857
-0.651500818773856,-0.941456207737384
-2.12509846664924,0.410784063661457
-2.12571359465581,0.0028038188930426
0.990894271838675,-2.27811352638899
-2.26572287635571,0.716095806446419
-1.51455547476442,0.0122136966739161
0.202063233951185,-1.7008442740357
-1.4616054880717,-0.104243050609767
-1.2287407543194,-0.0531944683285561
-2.3095444648622,-0.484779078621038
-0.879052797660429,-0.894559077120788
-1.19342288667994,-1.06456792169403
-1.31628654263141,-0.56793204890808
-1.41817124892015,-0.184795826186212
-1.16190825539272,-0.712155099965708
-1.08999236495149,-1.21088057383504
-1.2190093902639,-1.16211512713506
-1.20325754283705,-1.0940879758887
-0.164366951783301,-1.54826628523593
-1.27060567842824,-1.07095237964505
-0.395798238924193,-0.925546883104255
-0.391551031785319,-1.67095442075557
-0.0667092374733891,-1.01724081803239
-0.510281559849559,-1.42688138092209
-0.481938245226024,-1.72401039905588
-1.54673954894433,-1.45934190324368
0.473147584535209,-2.01723523048649
0.0225862903225731,-1.99537837468544
0.434692805071508,-2.13388838935351
-1.68485816237909,-0.61355248306613
-2.53461336931357,-0.834625470231118
-2.53043486817558,-0.249662943045602
-0.946503161544408,-2.31329975779829
-3.27709264837118,0.580085120635759
-1.85333571470788,0.274927168021045
0.714587507580383,-2.52548446604997
0.300399300686071,-2.09476317300526
-0.12028448671561,-1.31383098652143
-1.49553797820092,-0.696317811759758
-2.32522478914276,0.391106953989865
-0.0180075137509044,-1.2746904994968
0.14518653481153,-1.43352017369765
-2.16280877773,-0.0740131331525704
0.75288034906171,-2.48877218101223
-1.11649932192794,-0.894220761984531
-1.05157256128331,-1.41767781858134
-0.489603459440392,-0.827880843933901
-0.26841074902366,-2.16217064398587
-1.84072403164036,-0.938545730332565
-0.602703413612077,-1.65278624919701
-1.96898446737987,0.179970272666668
-1.70624221922098,-1.58746845418448
-0.335056067346611,-1.47946367000528
-2.32811165661708,-0.309013335855032
-0.409556591374507,-1.46903150169523
-2.61038628716775,0.664880065229386
0.276348523758434,-1.14887864355633
-2.39585827984922,-0.0918412935207124
-1.38238912355662,-1.14139925868515
0.377585282207171,-1.15019136207588
-2.3741872054562,-0.188999902779861
-3.18549634411412,-0.323169149995641
0.221390882311148,-1.35680466911061
-2.61282836046187,0.0348482647467563
-2.29807687652064,-0.796572297152934
-0.330816287349482,-1.77833583700591
1.62849488704917,-2.52146081049559
-1.03865766254062,-1.03797228763463
-1.16652156015149,-0.907513842908414
-0.6933462580578,-1.7613905055867
-0.458162971096657,-1.89625380411991
1.53245517118876,-2.85151969649161
-0.413210939414513,-1.58906837715314
-0.923296370726041,-0.850089440243392
-1.97488116139762,-1.1201519292707
0.504928452772577,-2.1400380621681
-2.07578135290927,-0.07411379037174
-0.591731447809995,-1.61628811815242
-0.351070562024591,-1.3518826496857
-1.60266147260332,-0.561904225879865
-0.580338231389512,-1.82532237451341
0.970711383161721,-0.908172059742963
0.491823347581809,-2.74152557354488
-1.67794149603097,-1.59944603557986
-1.91665705322511,-0.316058289939257
-0.720032884771339,-1.00599172383726
0.242190639809463,-2.00692112234642
-0.210798145959853,-1.63753510632963
-1.33848809538853,-0.843425676736933
-1.02679616077598,-0.915332935053474
-1.06679938020909,-0.944407160876706
-0.831712905218677,-0.373158402009357
-0.538803493784252,-1.04988781517668
-0.476371847320126,-2.1338238262915
-2.52857208243814,-0.553913688552609
0.113740649975485,-1.65416092603679
-1.92680679213722,-0.492528692029948
-0.789043604426699,-1.88660796394237
0.695193023646096,-2.74270239364366
-0.860992496430676,-1.257619194743
-1.30651910014923,-0.505423931124062
-2.37210321424091,-0.470480453140785
-0.43970617123335,-1.32437975115493
-0.56149921904843,-1.10441036307827
-1.84473906574416,-0.595004806853697
-0.450838219595388,-2.14761231630567
-1.98914614661454,0.658172378392783
-1.86246284894043,0.581371383846652
-1.93943465794377,-0.865870408982543
-1.0263321805358,-1.10694324724931
-0.658916664826943,-1.59573464218119
-0.541238795607321,-2.16648327776325
-1.68740791407283,-0.412705194741564
-3.08556942487954,0.361834797172899
-1.33186158324726,0.223650512237483
-0.298428225597767,-1.63011386797141
-1.85607462953347,-0.738395432892444
0.491690872971861,-2.20446343902656
-1.83303021155004,-1.44430819323543
0.139174215098194,-2.23789807783627
-1.04311641219339,0.0230141523911538
-0.998640972704181,-0.67282310849337
-1.25179535960909,-1.35748796468055
-0.430660581531342,-1.10540764509561
-2.18532505154273,-0.285190318630065
-1.80549029238784,-0.683777950105977
0.641140570458498,-2.16173764280333
-1.02987012734922,-0.587412410944868
-0.390016134963303,-1.12679116741448
-0.362107624891581,-1.25303508639237
-0.930037194421415,-1.00432234279849
-0.928241258420457,-1.66349181211353
-0.375823718357451,-1.30492667202073
-0.896306095487636,-1.398009546485
-1.9215248489247,-0.664667258612069
0.280772292309651,-1.60304647160611
-0.513316440321142,-1.07999948790195
-1.4550967167079,-0.538957020976429
-2.21638320350875,-0.254979505001831
-0.557014920800852,-1.88846130701898
-0.164205520351223,-1.68603532930568
-3.17944758275775,1.11486137480275
0.931725943914773,1.61437821591547
0.752442424988528,1.22641191734679
2.16553908338167,-0.74015655126765
0.802791745008392,2.05415075406518
0.534143258600236,0.929258692979031
0.750820489583751,0.639279279121995
1.58297088329916,1.14576944274479
1.39737274096865,-1.3240411209953
1.51841235079535,0.703979731753509
0.135826882066158,2.83482210425019
1.70503352543254,0.977125269164591
0.151626101377703,2.25182644102672
2.45133657552495,-0.317952046968283
0.885599295294027,0.279956445087196
1.34360595164384,0.342705667340755
1.23679621450941,1.21724064687469
-0.0595533677274751,1.87561093511838
1.35233422252592,1.99158535992282
-0.130404798822461,1.78701612606081
-0.844916626632791,1.05330739458346
1.1700421767241,1.79160212348576
1.40940971561493,1.02045587428647
0.440768792913603,1.80926588307112
0.441468153399881,1.07091987496458
1.15835220155014,0.942970534226651
1.39638159699069,-0.16823217135345
0.736603831499864,0.403749637670243
0.98487764804351,2.13106603513822
1.5150387811354,0.293044800312045
1.78257916479147,-0.50599480821099
0.695652980152723,2.91910017558241
0.311935131285489,1.17602620418788
0.56291380388929,2.82029430016535
0.277734715460974,2.63273236115201
-0.0750682624201922,1.77660194288998
2.17795586378948,-0.183394074227681
0.758697616922784,0.115903913305526
-0.0835680150964289,0.753438291852922
2.74794524631365,-0.999152823654166
1.72873193112356,-0.679604605674913
1.06328784537958,0.354920658434076
1.38615168174891,0.358180871498132
1.57455996608662,1.31051920529905
0.0154549472394728,2.62050206974209
0.545568748627398,0.744845819957997
1.70899155303103,0.794136483953866
1.61660343033202,-0.622567025933983
0.572574672727249,1.65424913889368
1.64559912859621,0.808987034348342
0.284998026729764,2.3237190165917
0.386788436396276,1.34469230397795
0.472089615508777,2.22870692522615
1.33703687227574,1.60436468840274
0.681690619833988,1.20409288656384
1.21621642881396,1.46650420961498
1.60216975073919,0.792656329170552
2.23778036339951,0.28340479961412
0.335405579688358,2.37184280721169
1.68633438999532,0.531577931537349
1.36468936005664,0.165215882563653
2.20150920818117,1.41207082614969
0.72806941838907,2.19774698744864
0.595727925628433,2.57944623115122
1.50576710837063,1.02919939122899
1.04064320204023,0.58541480887167
1.45979109876944,0.900053946516097
0.383781678864395,1.94038043689564
1.83018528606532,-0.0446966124959483
2.29737805611081,1.0941310935321
0.558742998630541,0.517312099058436
0.310463350409618,0.838537260105025
1.26191040400634,0.661135447976755
1.57253404737832,1.02587421725795
0.534850249798817,0.28603913583681
2.23065699955472,-0.00637304874838307
0.229124253345108,1.41899609923801
1.7645479507897,1.09698956489323
-0.483056499522403,2.0250657359523
-1.17643868742083,2.21260270174748
0.632220238389165,1.5750695432059
0.600863974400591,1.61952608039754
1.32319172725918,0.530892748990455
0.771250584334102,0.126070973765091
2.00487431292726,2.17366199251088
2.30651485465937,-0.847296792116177
-0.0964924607364317,0.761803722726491
1.12792944431829,0.491635959416093
-0.0644318328799349,1.25380170041009
1.73114198216257,0.469539603554473
0.79375753948087,0.0132911163531272
0.537775734835049,1.9379930122615
1.6915433322633,0.508694268190854
1.9684857659869,1.04061087815641
0.830448677129686,1.25782865515007
-0.250744212061217,1.54615438424457
1.83559472291198,0.492810751016585
2.29322829784155,-1.2052171566424
2.15866905173294,-0.000564377162698637
0.847742101843107,1.52058795859348
1.84808643962075,0.327239917136377
-0.591309503959873,2.08889310085804
-0.408795150963207,1.83869293373146
-0.316297105777737,2.88455227885529
2.07743923288238,0.218444791327839
0.747400174811733,1.66940151935467
1.36789093456561,1.23849740945163
0.413054697321533,1.00494300631251
2.00240609126283,0.981856470158801
0.453920648978584,1.93283948482314
0.988784939001704,2.71551793149724
0.568416830173793,3.2866886757846
0.843957533124426,1.34814887245393
0.748457995200245,-0.15678195497239
0.571573766665766,1.71049557864251
1.19946446195658,0.246866662199065
2.4311142515157,0.536275492035402
0.520081505906065,1.46368664873942
-0.29757293388993,1.60796297398067
1.5885762008384,0.851171568892608
2.77621304530127,-0.57003626928781
0.647576979107581,1.48429271482384
1.2875647057014,0.0432803730194528
1.49228465961894,0.231221968133586
2.58573238429276,-0.699266060329607
1.05561883266698,1.37628464990798
1.34797955014485,0.910277560017312
3.43258108777271,0.428931666625999
0.798589090434283,0.0215123458717681
2.52441065713995,-0.412554170018451
1.44331828943208,1.33860340761743
0.25525127112347,2.75941911512275
-0.94550149747481,2.5118666383272
0.724136817840802,1.14039543562171
0.750397699529473,1.30443342092528
1.56782425667037,0.559156768604742
1.24310758511508,0.184189999336218
0.0455689566171766,2.41251708877105
1.0552234951678,0.833317741809243
0.948856866877156,1.81684781209397
0.385367202951029,2.63861340067565
-0.0244531245775939,0.743559657289427
0.761205928875861,1.21010319017317
1.60794415085993,2.11853367712054
2.01276208058337,-0.364699648403355
0.9692541269208,0.703681107790912
0.568355979507139,0.915726413212152
2.12853307087371,-0.382465208668893
-0.10980730831306,2.36416841016977
0.228948718630018,0.954365332542764
1.18416267132112,0.74112954627364
0.396588496092093,0.164174998848419
1.07034599714414,3.21971633002905
-0.0811367534231915,3.16506508217952
-0.861607720727502,4.08505978583649
1.33808920466528,0.827332469975032
0.229349237571715,3.08404448362001
0.293965305306885,2.36319651633212
1.1335986716378,1.39797377993209
1.25080998275978,1.11577492657747
1.70831987991365,0.0405738526761391
-0.777142571125502,3.31296017805662
0.152989664633862,1.30678265301936
0.765475401808882,0.715575044705076
0.656859372826463,1.51453180537361
1.71741820692786,1.02268706746295
0.35443760895092,1.29935979258436
1.82525870359266,0.0493259096101925
1.58419180788451,-0.253092090992756
1.45367439198984,2.14333862100537
0.890215855948117,2.02325789885841
-1.10136837459336,3.30153506075763
1.47837521028764,-0.516353715970888
1.8625756211534,0.0301843290799857
1.55849486403384,-0.505277808675288
1.24508073631635,1.09157661564384
1.59389288449673,0.0809208583748643
2.47279734555735,0.512483944525978
0.857909130434019,1.31483592512305
0.205807044895011,1.64326368149824
-0.21541602450478,2.59749923976059
1.56481453804132,0.684667631590349
0.552821497130091,2.02526573947331
0.993660619377901,1.48804520283795
1.36840906641735,0.629684192254263
0.610366157218606,1.63220623609462
1.65719560421957,0.805357172616616
0.540131237685544,2.15552687685788
1.26542830157627,-0.531055947480118
0.103042495522568,1.04384932476358
0.787490364850576,0.633433692649733
0.482184278986555,1.28267571875474
1.95205663330817,-0.744338938729596
0.447284058005643,1.46282395384914
1.09976380283429,0.997931210203641
1.9928022881372,-0.288201965808847
1.74443065067668,0.388795935474693
-0.0244861172511284,0.648559828800686
1.77802526125893,-0.790892737473142
0.289241385509915,1.8277945296195
1.39799007300837,0.437431124061551
0.628000423395476,2.10976636575761
0.7536146059214,1.53931607476234
1.87270681172111,-0.819824260306138
0.151672739663782,1.59974009214927
1.48399039022096,0.320869364910553
1.5995487385619,1.55600359538878
2.14700865969151,0.239462119170846
1.62867545723681,0.377162336970731
1.21646976036747,1.82615718427166
0.380258912123166,1.37188891805486
0.789543389429927,0.350976957579329
0.566086093457055,1.21780677207014
-0.551158817961566,2.47201462897256
0.0402074994688766,0.419892151930505
0.222136525871845,1.92985505593381
2.91737027339393,0.442736792940373
0.708384370753213,1.87774197501039
0.7687300464628,1.34788889890383
-0.797780252893384,3.21676455323081
0.645352284634074,1.00164897062589
-0.173394834421214,0.980149095912291
0.848659200882071,1.02977980313098
0.432488710766456,2.11578023768488
-0.142271268775915,1.58345304225825
-0.603337911785266,2.0576158125996
0.426081464386298,1.06615245842944
1.67243874887141,-0.00781684466658006
1.0115870918728,0.061805012840199
-0.1855231775712,1.87688656216739
-0.476418517789617,1.92072185984651
-0.534620657080131,1.3140959608865
1.8327178592718,0.0379860168678053
2.41044140410599,0.249609648072125
1.17645386801633,1.35575047777904
1.97280721344852,-0.488051325051495
-0.19937761556209,1.30914275855332
1.30098291530331,-1.70345539057217
1.78443929002509,-0.510173373271637
0.799621285967823,0.936076709434071
-0.454629501992685,2.83802604961896
1.33791715728619,0.190719582868955
1.66947844924719,1.61414283721151
1.53487245313414,-0.236840075475532
0.745884378694488,0.452924472585319
1.17397799620268,1.7033149572531
2.0783032050385,0.197889656545827
-0.541120714322297,2.97825425757616
-0.0847383164780264,2.54392436043185
0.169564629630762,1.28891637702663
1.12590447719492,1.30309694459845
1.19785998170617,0.234017955775935
1.05046910148643,1.04199316534363
1.45209675941142,-0.126383816618825
1.13874337288379,1.12418138361813
2.24025122508186,0.144039287478311
1.10132406302247,0.328084198833629
0.745295567345454,2.25685968872257
2.00016790973345,-0.417481748470152
1.62025846195476,1.70544205138401
1.56171920719655,1.33172181224972
1.04824904689635,-1.31957973322651
1.66589531214376,1.52115791352746
2.61320398633102,-1.46235161422846
1.42120652957111,-0.0740643358550939
1.2962058089536,0.120603274567186
1.30475831718621,1.06932286221377
0.514956968857167,1.90833007005866
0.00400420001783197,1.7895419216852
1.38481803392461,-0.46076134707027
0.324780466046673,1.24371371292639
0.742932796522131,3.04578831903352
2.082541040156,0.982144250971314
0.666115625357303,2.01469004848283
1.68301141734028,0.0344394270571923
1.11861233527794,0.666155362738516
1.58735067387234,-0.6635413293665
0.543888602579988,1.22046976557682
1.30036694528214,0.283947064853631
0.442661114826046,2.58621565366941
0.770853275673674,2.3594038200341
1.56648715452001,1.75148960285225
0.739539098948565,0.357456011830323
0.228515047884597,1.63490138509115
1.06975191622671,-0.32081788111119
1.21442200205734,1.13636632700358
1.10944812659714,0.641998272468161
0.832674284840705,1.21907398737158
1.81261732102125,0.903669387384771
0.810035554525396,0.463870693627529
0.944619457988079,1.65556414823141
-2.49390564146373,3.90499377998461
0.905073212549674,1.73299603787995
0.571045676792149,-1.25517084196577
1.24696689085529,1.04412910329389
0.35403860246933,2.34933835572232
1.77072510309607,-0.282306183179977
1.6797138197027,1.59862480974042
1.03651444869798,1.89576931145653
1.88037283309406,1.58583834804817
2.25420038529847,1.07404452258505
2.08274440291405,1.11665653620894
0.39052421134656,3.16961417921743
0.763494083597375,0.0973944731767713
1.62120062712455,1.11257954613865
-0.931910742054199,2.19489766682894
2.41118280697299,0.187329996640895
-0.253302133383252,2.67576125486714
0.469213850037619,1.57833679264508
1.437267638798,1.03693107947189
1.43523707274653,0.633646128112123
1.30925444513267,1.56141147064866
2.08163366857647,-0.0938660379658856
0.587394106790782,1.89101383298383
0.128293078355041,1.2012960501353
-1.73498270178581,1.52862694283314
0.0174436434872979,1.55571264508525
0.399616729570186,1.10680545334783
1.80977704408148,-0.31895238718577
0.8893034355323,1.51351107944672
1.31886095417502,-0.727767723404592
1.74832673462054,1.05506590150261
0.552426990776787,1.43334235878821
0.95137440292496,1.06724284500601
2.16334319759113,0.404225877756453
1.43450299699951,0.75741693279287
2.97241467240109,-0.983521125885288
0.418646598426131,1.25237332029774
0.633447650719236,0.972809347456078
-0.0109297339826877,1.90689455636939
0.876515640643097,2.11514141226502
1.08536902586712,1.19924326618501
-1.49922235796164,2.69221096309237
1.21128089680372,1.3484873334759
1.58879985352676,1.91527033144718
1.35823124647429,0.214062724419255
2.55270946102314,-0.185873728223007
1.81845819281953,0.772789684171269
-0.738562045771264,1.85517348555021
1.21312090268239,0.92500326490392
0.985460498188607,1.82343144072274
0.595858702323299,0.421262033820385
1.51889699780956,-0.0837063031033591
1.20818397259494,-0.129217119973866
-1.03643319765146,2.62553272639663
-0.0224425570196423,2.25713651109242
0.864165360479746,1.4261750380876
1.22536052240843,2.95711914286499
1.35560803169516,-0.972568299684371
1.20287715043282,1.38630100920356
-0.111582627146509,1.82636357910099
1.93090366358099,0.487883132364802
-0.305589652418667,1.31466704165658
2.12191249685656,-1.42473748338043
2.07552923623619,0.778530519357007
2.25667017032168,0.681059171838123
0.939383404378512,2.13409450418449
-0.318203267730582,2.52496002568162
2.24465584246506,-1.02777920087404
1.3885878813163,0.0759291635165138
0.887332771173922,0.58642192484786
2.72367080075128,-0.464628799080383
1.21779345829912,1.15837679834592
1.00407294633674,-0.0393903844543375
0.791060712894855,1.4226872829458
2.85973270191482,-0.93120883413341
1.34783681471057,1.77359087848918
-0.151070309415611,2.32896579657362
1.45388492291092,0.867626626949557
-0.204282631607861,1.20174862331338
1.3553886755058,0.678978886177552
1.44061631135452,0.57635129942812
0.941209517394156,2.36033934556814
0.786536348199414,0.53875597017763
1.21420798585601,1.65988463844128
0.783374812758836,0.574337918673039
1.31583290402345,0.820333214977941
1.18657167168588,0.340642681367017
2.87654312899962,-2.2555356805833
0.813305112576708,1.39170064990746
1.05435579159328,0.0265394189615035
0.590240313539223,0.458935465380729
1.49790981095399,0.0890526928277591
-0.415880852823053,2.62608141601871
1.14175002908469,1.42571935859482
1.87950679438651,0.576020966708095
0.708202219684065,0.318525849183368
0.769637424675267,1.74965597613806
-0.0444130714474247,3.36430777564806
1.78642835088254,1.97494630872001
0.195899995018712,1.02201444465991
-0.224889189390214,0.828621143324587
0.00546658275297096,2.85971807954915
2.50484422040449,0.393525326748462
1.10468453341659,0.404902442011397
3.03175021961116,-1.10786900576886
0.549474006240262,0.482010922581788
1.70437980053985,-0.531811004981272
0.397409511783008,1.08348450774728
1.62553513497143,-0.0889794291648891
1.50331997683623,0.399815620923735
1.31174472256217,1.51818947465796
1.07013798801829,2.27602339852433
0.0931005723108388,1.55249470464732
-0.38157985107301,1.38369897263567
0.979591345790377,1.20243053897571
0.992947996451211,0.349705782278198
0.109815836815336,0.430690643742646
1.66578575861995,0.498090648781739
0.165362446359579,1.60892500548999
-0.185145985205547,2.07634834696445
0.811231418892747,0.552902118456246
1.36710995980555,1.61444436967973
1.39121089723713,0.617927972629689
1.61582990525025,1.23496756760612
0.263151215160528,2.81588024421558
1.28235424277181,2.24084177051504
-0.121864996093831,2.98557358150625
1.33150136723989,0.170749906812889
0.770707210135562,1.51002865498854
-1.35700699607028,2.15235912862144
1.27925842707756,-0.100586644275009
0.543987017856311,1.39976661829531
1.42936689256111,1.61880882532457
-0.130203100293236,0.108425009279101
2.50890546315232,0.716901120247108
2.15897642567555,-0.175271994973805
0.714139670787289,0.236364905190515
0.657661452199183,0.45756635651058
0.744955164206485,1.99176030737199
0.544390691066831,1.92484329424389
1.06021838999593,2.28685684435784
0.578263149143587,0.951915648519553
-0.0612974034424463,1.45691392548965
2.01101607601989,0.500574942455054
1.37518137316986,0.205916622419422
0.830167619808016,1.28916936064634
1.52059630272892,0.0833426835268878
-0.494659811978151,1.82918550156715
1.25094250340183,1.71165223461754
2.15108522559412,0.196470173330872
1.94384882870209,0.614010560603865
1.64859486123562,0.839184792981325
-0.219350931730438,2.6461211949046
-0.716618212162311,3.16354888688149
1.24279310973517,0.459367303026569
0.519741855796564,2.83489290658593
2.00052285036637,0.146505752635658
1.46667375354489,0.784137500329157
0.976142897670748,0.842830265443414
0.354945659136705,1.60986986948398
0.130054976712083,2.18421066908412
0.457088753810954,1.29606318304691
1.40077931437211,1.04184899515583
-0.423821402607504,1.93397591030061
2.06686645118622,0.820737594552878
0.542262400286524,2.60280890185997
1.34174676596494,2.13191672375305
1.0462699575221,0.752385905471617
1.9492479621846,0.979555874949702
-0.839915015040355,3.34120383490139
-0.365404708677171,1.00239613378142
0.867386925709883,1.6798811185078
2.06077179710623,2.67256455588731
1.28027719272606,0.0116411030128567
0.593032429060133,0.889704154473963
-0.191801298403817,2.3464804157118
0.502120844944936,1.99359706792953
0.905750643116547,2.26019555918145
2.11549410764876,0.54590166687197
1.62204224332592,1.16666469125121
1.55086385027174,1.0807319656193
0.416680800078051,1.97621764538312
0.231685489333512,1.68645047892427
1.36987958438813,-0.827867519159542
1.77868456812482,0.71658848971136
3.50002433577543,-1.64159597547385
0.827385890915925,1.7468948253455
3.11634428158973,-0.94792892873533
2.34608004160803,-0.542999012011146
0.0965795957826516,1.43507119563952
1.92357177396324,-0.0739213007461943
0.890348946425473,1.47777612225687
0.0737999891417029,0.184755583564452
1.4802385339202,-0.302169493647374
1.49232021536414,0.0291341870630361
0.705055592373436,1.88233882573957
0.680138769759514,0.154029544469141
0.591718711109602,1.58631220469952
0.670350369862174,2.11091316515973
0.0289776570972228,2.72548089092112
1.69195362630906,-0.146660775544435
1.2962714650734,0.748435362815146
0.735595284004714,1.5054545771191
0.513698038105328,1.6912015485339
0.807634651077539,2.04071123736654
1.9478584512734,0.160404096792826
0.0972885272348962,1.81017108397357
1.75155956341554,-0.60882626219497
0.937900317983148,0.747247926312904
0.212232765948875,1.24813710304992
0.0432959492226668,1.10217507938185
0.399793852270327,2.75340144113368
1.68215145384273,0.97223765216287
0.362045932014742,2.12583122936376
1.92612248916338,2.37958483307678
0.00323498739332828,3.27476462360641
0.918238716874806,1.77467562127251
0.996664342970981,1.36323181358743
1.01542127376111,-0.402077231475666
1.24639039109938,1.93150164008666
1.25421165570217,0.899035825228208
3.21030504512691,-0.201512726040084
0.169280045129855,1.16164886145637
1.62893253666221,-1.27920454422918
-0.131771710474247,1.46758369829118
2.40160281761095,0.247086174337167
1.70476443570605,2.27952423265189
0.148489599225587,3.1911104238622
0.233830253621155,3.05326545747251
1.12574619986631,0.486682614924631
0.318610456385115,2.11486898517575
1.25367895736735,1.40381061309166
1.98059800124675,-0.875914927195671
-0.747243751916096,2.13165854054763
0.766003114774142,2.10701741286361
0.476272377081303,0.361178431798168
1.82482784072,0.0294944590607085
1.67894615522014,1.67866933615231
0.756167041723291,1.43010161284792
0.492771750134541,1.13164942726299
1.72168155406378,1.19620927685374
1.28581731144364,-0.390590534990617
1.58408772419947,0.515094869514538
2.44197557555971,-1.03124452025146
0.634428210730357,2.84792657785563
1.4624717524124,0.803423960859055
1.79470900032398,1.73422926988432
0.655711263724055,1.8537128256438
0.907291965650583,1.48611402551937
0.707208172170214,2.07048994526496
1.63498372746388,1.22138818560474
2.27686673477669,0.88160506582754
0.699148261775188,1.20895392081095
0.127508140088432,2.95048764170587
1.04334458997991,0.729679426666283
-0.631560072202939,1.71642041951453
0.890567001804596,0.789930236944909
1.22933238556564,0.282625987150762
1.03176165120263,1.4821652044521
0.955017033857743,1.84519549335625
0.170071132816703,1.63385368167552
0.966653824253439,3.07115444007711
1.19976624931086,2.55020866166297
1.29386661577118,1.29512646860402
1.88434686697977,0.028445226336462
0.299106101148309,1.38266018525018
-0.0956224946517819,0.968182503091302
2.30655330306575,-0.730640978336775
-0.678078827192075,2.43391065506755
2.27585319887537,-0.356626039849591
2.62929314229229,0.870197504871736
1.5701126219309,-0.475036873847815
0.967804880278331,0.576089127807583
0.221270738805016,2.06077703193357
1.37607871215694,1.10807912479518
1.92546855024645,-0.704382884022021
0.171716699568178,2.71503095630822
0.709992933124808,2.00332983352294
0.429560911349892,0.894668019653694
1.16899116892981,1.18026667576289
0.0680782220372353,2.37221326073359
0.53189724749183,2.95593317209517
-0.40108588292345,1.40990970878532
0.752542042256539,0.936035885159584
0.648660824305479,0.938986994258625
2.60041678531522,0.597540449649324
0.307935256609007,1.77452002857975
0.189522964302419,3.00092710229507
-0.0288398077164249,1.21313616706729
1.52633720982213,0.551093132161901
-0.00643167975652847,0.902369558295452
0.186160556562245,2.73949100887118
0.099807475414876,0.621155235500806
0.508926281056475,1.74933021801906
0.624749177134153,1.83838491209797
1.16163936841444,0.0585066822071558
2.26581465064177,-1.23516341290886
2.11320019922587,0.787864425316221
2.02129503126041,0.528381805702159
0.0360787569479042,2.27549548084922
1.99819912274216,0.632112509420335
1.29923516845066,0.784986528057832
0.91862455120507,2.39345194204961
0.460089455759219,1.16071621156674
1.33388623010032,0.974055378117384
1.73862746043617,0.788286646983625
1.68236221076468,0.250279179064829
0.620822224522832,2.09133540066348
1.15888181979898,-0.313018621834802
-0.957883634373109,2.39698549143967
-0.0564492186732062,0.845428449186294
0.93346383572886,1.45679115494172
1.98042230920164,-0.716644091680264
1.96387337481101,0.379304330119512
1.5235157745707,0.177356701902831
1.01722413894463,1.55647694801335
-0.0851441864339266,0.0815912160387936
0.32521502627397,1.35056865247379
-0.450517671347022,1.7513341671568
0.264948398986972,0.113223605368834
1.68261494123204,0.739081121514192
0.640601931679231,1.86114801131055
1.47264707430692,1.72422440951448
1.35922012503202,0.168874639081347
2.25827245189797,-1.40021220906624
0.261185472514377,1.49955602709213
-0.6698860052408,2.38669319758553
2.04117975131564,0.732756437492279
1.45420667536191,1.1088348348779
1.35963484264651,0.309561548010562
0.625121019714058,0.823713260694539
-0.359246263583302,3.08715627531202
0.57364644539276,1.91395269566089
-0.297012284858184,1.12625964563158
2.28826809998927,-0.445360142788743
0.605381460475185,0.724875073836825
1.4387338186949,0.464937386257438
0.0653975496445935,1.64026726101624
1.3441219154563,0.70744576921548
1.36882023101403,0.888371408131956
1.84531362213328,0.592497844632165
1.08076769605447,1.46646026982121
1.98390994199365,-0.596919518079773
0.453559350453704,1.8801928574727
0.488174097746683,1.50416130429265
-0.62788509204874,1.91859304994819
-0.144026673315153,2.45362560926156
1.16369915256668,0.796990530091212
3.00805038363497,0.628908269601486
0.894580751245705,1.73695611918186
1.89035340912265,-0.0598993571142321
1.47776108496158,1.70885462882666
1.57391464322202,0.0387944401157653
0.739490362266969,1.5323627197416
2.37127150003097,-0.0373058584510233
0.832644851449416,0.777650060699796
0.958014081750507,2.35434532578844
0.672332129078953,0.822359097021858
2.03573699231301,0.908392990470043
-0.7287588166226,2.23079794899038
2.87986779508785,-0.20306992982609
0.743819036815709,-0.136596555550704
1.91344349225387,-0.218503382253953
1.43256297377556,0.59354856451398
1.45915576950554,0.214338384408942
-0.216814596970895,2.28295994441254
0.253969040592237,0.526999635018045
0.282107663064815,2.10669964238341
2.06051495480146,1.34156261173743
1.02042646064853,2.20054529420395
0.585116944737872,1.1383678285821
1.40903875236444,1.35744687353478
1.75041458298912,-0.34378541190879
-0.0249568933727766,1.75479736189653
-0.351040276117194,1.33808141116098
0.915650982773133,0.128001627390329
3.46818061362304,0.350282617530566
0.962049326221351,1.29845041191587
1.45477029361848,0.185147907156329
1.66571885527045,-0.303776071750664
1.00745287599669,1.50316127846488
1.2006439997554,1.71519531884616
0.478531738735423,0.958922718436938
1.45845304678577,0.591010802181287
-0.158387721189059,2.35113051951706
2.44104925792582,0.216681542396528
1.58757546517676,1.96985969887731
0.707705297919615,1.89590089426502
2.89540910065651,-0.950416860919241
1.6466779852988,0.787429272401991
1.70347303853904,1.67286331521845
-0.174426965437547,3.31219275402135
2.23281369808068,1.29412600714618
0.219194956467616,1.91994690150365
2.62545961561266,-0.148242721666736
1.4829134913828,-0.119689014695873
1.03572184152158,2.46037698239711
0.552530842473662,1.54043351363165
0.136068904336296,1.97547088054093
1.75854157455221,-1.27129035279556
0.1652342637118,1.03827751925195
1.92111738685251,1.92135776979089
0.582764200343448,0.359648844292879
2.54479378060773,0.706124489135775
1.94755299987266,1.15412247954776
0.929237297508577,1.17326156658472
1.50865826605763,-0.574216718968347
1.86415522762854,0.130984213732806
1.98007965774309,-0.132226290248462
2.05197825034402,-0.546260511655777
1.43203444327017,1.39253274658355
0.932949194471699,1.89507099520166
1.56685969548418,-0.537733271028817
2.0574986218399,0.000363208253131631
0.14539476620491,0.666197416284251
1.47078344595391,0.495671255930694
0.326353170327973,2.40554162552803
0.158991449833363,1.70012901726733
0.721178266186272,2.30521805133646
-0.0424118414642938,0.299601809007319
1.33863903768216,0.134034971377531
0.545927239386694,1.12048073995581
1.77700498240784,0.941750057292758
0.478528226524173,0.680559453164407
0.728001193070391,0.779833944523276
0.460356726482802,0.521987840870789
1.35217698178981,1.26317752173405
1.21709021446775,0.471845751337693
0.156362082300313,0.938992170409406
1.50010106749875,0.745751524944489
0.85630866267225,-0.22066824514555
0.662761672627598,1.93851485051764
1.75807611294589,-0.534076201465027
1.24162947370372,0.499204158476344
-0.177650907718687,-0.281810057427887
1.49396591959399,0.942054943916258
0.486081551915113,0.0723439884422113
-0.432545202178788,1.5228057929545
0.913072251977954,0.393385049031353
1.26110467419605,0.81000687597463
0.442628385280137,0.91929826088458
0.998782652491996,1.49674688816146
1.01215901227926,0.211153105974792
0.952257088301298,2.65086032192297
0.928577000734859,0.90194670536056
1.27454872354286,0.0194545273401817
0.499646496510267,0.890447809615025
0.477045864759024,1.26930206307766
1.27724273481462,-0.148669932317766
1.68535550073996,1.12173630915375
1.77084295989143,-0.360290990613441
1.12629679885453,0.616202249239707
0.748668981218835,1.1384761501831
1.21466407282845,0.739151663550154
2.27483538495274,-0.611195132235897
0.192258567101422,2.50398198013441
1.7101249853265,0.0910959819285906
1.35793374912808,0.00495194944906485
1.25255085419491,0.817198700374466
2.70688752053461,0.200296474750468
0.843439523728828,0.163200555791165
1.12162555564086,0.602167878063086
-0.102758600520264,0.55026729565401
0.792837949103489,0.771693336642223
1.31963418477144,1.3131569087486
1.7728695186544,0.304014598508583
1.18022192882945,-0.102124214046704
0.344290155143183,0.722668876849694
0.981167812069924,2.01070349856159
1.09163751115034,1.64685216524084
2.12454679851177,-0.428488503262549
0.205293471976878,0.710835411234918
2.50080861423179,0.163534217036824
1.93794498244248,1.02773063411577
1.18153158572049,0.998454244231369
-0.55048531733388,2.81374061747773
1.58125533597538,-0.314656933982556
3.1330479702386,-1.41323370743432
0.757148022467019,0.506753296061333
1.32531790803275,0.348029477855405
1.70371492922299,0.75157949408196
-0.286779878252267,2.79165642896018
1.646719280899,0.846948512241571
2.37984333655936,0.0883357647331195
1.73659950430833,-0.250318520457136
0.803635749370907,3.24015852621372
0.722738127075501,0.258879373860748
1.05671457768635,1.68467525182308
1.32971869488258,0.756222888989252
0.594783107976452,2.25210773694857
1.38578996900105,0.881218014999597
2.78542612990789,-1.39936003172309
-0.371328200780074,1.72456524410119
1.3589488766177,1.37221645616215
0.920668058854038,0.0738649106719277
0.492883815605472,0.951263592132484
2.38420596713338,-0.00987112548857061
-0.00606725533481667,2.23403781073885
1.07838032398752,1.14058387459015
0.155494406141877,2.17539476653918
0.897405127096373,2.89848152761986
-0.21950103414631,1.93071675768177
1.22571607754831,0.608643152332496
1.7861309466099,0.619691895713205
-0.78814908989383,2.40174576908272
2.00254359159784,1.07712882112123
1.11461876942861,1.79111360999951
1.43621164886753,1.75092502615834
0.297743391136534,0.642959503192487
0.175873621173664,1.45441724855071
1.70850405301709,-0.828922139400955
0.0310939155867825,2.79771991995146
-0.761838632809563,2.58658108355304
1.21558962812896,0.601270072593541
0.699411080175883,1.29126170355355
1.26590106478532,0.621129990779111
0.47624511155982,2.06389447842186
1.55600281173501,0.87808676470627
0.773499071910785,0.505732484898673
2.43498851998234,-0.816254470680095
0.771968562707985,1.26015048221178
1.14348020511713,1.69825309198609
1.23301014520687,1.67252267523859
0.478481287790933,2.32783539400284
1.62224064215907,-0.256188097733574
0.373770083208028,1.6456578064571
0.0810094421475208,1.85414381949692
0.962453613026262,2.03444378000817
0.977205387665176,1.24297171874053
0.434993916021471,0.985877955315234
-0.155839136102743,2.01376082651962
1.03515154954613,0.975655971283339
1.68647456180777,0.14237359506802
-1.13451993767144,1.82076095623551
0.246039923627858,1.97389184050822
1.09004439140871,-0.015085563506561
2.06314953208895,-0.606458325628998
0.4708393197875,2.20373302594129
0.565367996307125,0.495434640932316
1.52791190351043,-0.265778740922669
1.32213572182771,0.751846689975185
1.81283776833149,0.987129189027404
1.0418519133196,0.411804213397367
1.85399421350241,1.44777791496849
-0.0744247035500063,2.40868671131156
0.68912750775972,1.43448868191544
1.85898715630413,0.696139181666736
1.96776310644955,0.454097068332614
0.261301651006477,1.51874406598244
0.64758781777738,1.33036256612367
0.151715871160967,1.38527061945414
0.201277092309714,2.30853718933721
1.08492419778513,1.47226714074988
0.816612051941139,1.64181230737168
0.721593875556927,-0.457695180638221
-0.664384782032745,1.09356778791429
1.8639701814447,-0.27073242567062
1.12727257273934,1.58082045771011
1.43223877661632,0.244809765455343
0.0150323999686769,-0.146544886830505
0.230299799729249,1.49477145053579
1.41042295778952,1.9956266154939
0.758955654279003,1.27292332561698
1.34134971509089,-1.47865837149873
1.43425455262779,-0.396880349437796
2.040301960502,-0.500428591428668
0.756969588952121,1.55851920359232
-0.295510053680659,1.36957714793168
1.63572397007668,0.590178802747554
-0.191251033232082,3.0228646999546
2.08034605623507,-0.746095198973683
0.941115264279025,0.619471086471456
0.528229950819714,1.91729827139373
-0.290296190180519,0.836714357742642
0.22412958035263,2.20029165935293
0.607705985792658,1.66603873393071
1.91328252663821,1.23486504451068
1.85238342032359,0.467637492732338
1.50675473961115,-0.294964432055831
0.943668238586868,1.43362347898491
1.65159258640011,0.962370030841548
0.599443855332426,0.262277258534849
1.28551029328246,1.31423895983286
1.58528006283298,0.575757984393529
0.139626125528878,2.13413574054776
1.67936613318085,-0.040063525256419
1.31848683755411,0.765267526473917
-0.384952847328259,1.1027882150239
1.34261678678808,-0.24919951397634
1.72147080781591,-0.176298683033834
1.6280537789959,0.61050698997727
1.66971163037734,-0.403302180689474
2.29622403775842,-0.0724560340245037
2.21915834159862,-0.00248886918673796
0.831817082921003,1.90450862801465
2.17063768784613,1.2085756776495
2.01889912613883,0.420205616776124
0.675023501526874,2.39340813285212
1.2000755457765,-0.297675546856651
-0.1165776244086,2.27027368953405
1.67034618745548,-0.252874526693963
0.599613158524754,0.399699253740781
0.35605528597175,0.858922863448432
1.88689824989513,0.712616134321579
1.10440749918999,0.96441248271528
1.42462473845463,1.20625376877721
0.692768276512237,1.49169380754892
0.754008278962734,2.56761952493646
2.84149088994199,-0.676764068324809
1.02953395741344,2.17033189716547
1.24277350585759,1.20587506636782
-0.381314879160682,3.03108711253619
0.949486830518019,0.99446780829465
1.58623464014931,-0.0871343981796948
1.20936964696242,1.77054952252062
0.694340191294847,1.03359380587551
1.50290735433118,1.34140878948706
0.552880650975456,1.6299217736382
0.634947649727962,1.50098705449842
-0.606874754533192,0.832993938890456
1.01544150691327,0.856961234536915
0.645177299721358,1.13770286196239
0.243060170363314,1.12408194088095
0.862972236802015,2.38666879283246
-0.0830292972822466,2.03547059180465
0.772902706248659,-0.040539923894563
-0.638856162209156,2.21503906056888
2.64476859177257,0.541038793853111
0.758062135217824,0.684554353443421
1.5913074038979,-0.530356331627354
0.500405650751462,0.786903253051081
0.630355934776105,-0.995677359328166
1.82261096582183,0.791520562910287
1.83907910358214,0.678673323771115
1.20499285821471,0.0738651723435432
-0.196681045253681,0.943125029844012
0.932311411771263,1.8427817297432
0.371566570157305,1.50620145486459
0.246075658050827,1.81236437455625
1.14672037924966,0.620857777586077
2.63791129409386,-0.137347381998391
2.00147594423374,0.17977077528562
2.28397063380038,0.337771113221832
1.5563681178867,1.04567287517418
1.6076664865067,0.0542533635619696
-0.459058631253843,1.57547362265299
0.865324512474302,1.28344660635314
-0.363149569324273,2.17644110551157
0.0701445593165952,2.2654656473988
1.28121781179321,0.61122422735374
1.19353925810314,1.06355953296139
-0.628259624417881,2.9366226791969
0.305972337741075,1.65275898426751
1.3952659664063,-0.646588284995683
1.64285320970767,-0.271307970571332
0.2399123234615,0.62198069665433
0.854672758111601,1.16636459168024
0.612662892110827,2.53447748041568
0.901080064603199,0.0937080323475314
2.76847689025925,0.0138936137764902
0.827442644617872,0.755433485340253
0.035489920533009,0.881751221088554
2.71137441797347,-0.368017633728353
2.54508350450777,0.84520757624289
2.46890348257755,0.274148154277188
0.575792718822573,1.53866385856467
1.22810225888496,1.94295151727643
0.00826744316315309,0.959484389288103
0.247588206992631,1.62207553681089
1.55844412952634,1.03498338020196
0.714837708828806,1.87584075007401
1.0163152745426,0.675987872630462
2.00357594300409,0.653656688051354
1.66166127643861,-0.0268898898945453
2.60913033487846,0.156481756674246
1.76921686365699,0.0443384981548491
-0.00341907926732499,-0.576389156804459
-0.532554879596378,2.16107117546421
0.820390895456958,0.564836016053784
1.87184262131253,1.38825123432244
0.942540177066779,0.896654771385354
0.57475915627552,0.715498600111554
1.49264854799399,1.36130762216569
0.189154200256342,0.907343627064829
0.0798563291273389,1.48098541045575
2.14737934223984,0.343955719248944
1.81726201624415,-0.71852525951118
1.71999060098145,-0.808684734855919
0.34269090932226,1.58885246553337
2.53885563859446,-2.03009985665394
1.99645947614348,-0.471509932927081
1.1463650879414,1.51221679504934
1.75567187418103,-1.43859391463233
1.44163127704966,0.907698020024703
-0.248680251262738,0.998833512388695
0.125447783596916,0.913550030066903
0.560217190604956,2.6010999048203
0.291839242688305,1.96727531368939
0.0568658308173857,1.89534495656821
0.147179129247347,2.86011631190227
1.62328508389916,1.31596071629754
1.50962856872041,0.491223322372363
0.328554008744745,2.50387324771051
1.37544692750246,-0.491132693877082
0.368239003943327,-0.192546732252209
0.352215920031079,0.752561643171049
1.02708657287223,1.36194249386395
0.995294165777694,-1.05843825659084
1.07610917813139,2.68841564758882
0.402198666461211,0.635283206455075
0.699416342066014,2.25995235933091
0.716492264139529,1.91420800263211
0.537911032991121,0.602968585774933
0.487455826666443,1.84874336065256
1.2098113991478,0.474348199146374
1.92450946936105,0.553985446731006
0.593451488593337,0.820018269726296
0.618349974758604,1.33946464324761
0.95311110326551,0.453916041001316
2.97001315116366,0.439217922003209
1.03002258471025,1.79541233105004
1.54926920070353,1.02557929375522
0.62045775156442,1.59057324218754
-0.408714073750839,2.30876476658909
2.70003705578878,0.35182392559617
0.0241271768343059,3.47619631046337
1.20300835358865,-0.00694720565918261
1.78226077969697,0.182323246322882
2.26321775707929,1.15048142869794
1.23058018712012,1.09027533449734
-0.844976498424311,0.987744686152736
0.0486891499740977,1.42265292046483
1.0319549675311,1.67261851185631
1.81015914250564,-0.534510745144916
-3,3
3,3
3,-3
-3,-3
-3.5,3.5
-2.5,2.5
-2,2
-1.5,1.5
