"Date","Close","Change","Dir","Lag1","Lag2","Lag3","Lag4","Lag5"
2022-01-07,41557.902344,-1603.02734399999,"dec",-408.074218000002,-2328.570313,-560.542968999995,-887.101562000003,-341.59375
2022-01-08,41733.941406,176.039061999996,"inc",-1603.02734399999,-408.074218000002,-2328.570313,-560.542968999995,-887.101562000003
2022-01-09,41911.601563,177.660156999998,"inc",176.039061999996,-1603.02734399999,-408.074218000002,-2328.570313,-560.542968999995
2022-01-10,41821.261719,-90.3398439999946,"dec",177.660156999998,176.039061999996,-1603.02734399999,-408.074218000002,-2328.570313
2022-01-11,42735.855469,914.59375,"inc",-90.3398439999946,177.660156999998,176.039061999996,-1603.02734399999,-408.074218000002
2022-01-12,43949.101563,1213.24609399999,"inc",914.59375,-90.3398439999946,177.660156999998,176.039061999996,-1603.02734399999
2022-01-13,42591.570313,-1357.53125,"dec",1213.24609399999,914.59375,-90.3398439999946,177.660156999998,176.039061999996
2022-01-14,43099.699219,508.128906000005,"inc",-1357.53125,1213.24609399999,914.59375,-90.3398439999946,177.660156999998
2022-01-15,43177.398438,77.6992189999946,"inc",508.128906000005,-1357.53125,1213.24609399999,914.59375,-90.3398439999946
2022-01-16,43113.878906,-63.5195319999984,"dec",77.6992189999946,508.128906000005,-1357.53125,1213.24609399999,914.59375
2022-01-17,42250.550781,-863.328125,"dec",-63.5195319999984,77.6992189999946,508.128906000005,-1357.53125,1213.24609399999
2022-01-18,42375.632813,125.082031999998,"inc",-863.328125,-63.5195319999984,77.6992189999946,508.128906000005,-1357.53125
2022-01-19,41744.328125,-631.304687999997,"dec",125.082031999998,-863.328125,-63.5195319999984,77.6992189999946,508.128906000005
2022-01-20,40680.417969,-1063.910156,"dec",-631.304687999997,125.082031999998,-863.328125,-63.5195319999984,77.6992189999946
2022-01-21,36457.316406,-4223.101563,"dec",-1063.910156,-631.304687999997,125.082031999998,-863.328125,-63.5195319999984
2022-01-22,35030.25,-1427.066406,"dec",-4223.101563,-1063.910156,-631.304687999997,125.082031999998,-863.328125
2022-01-23,36276.804688,1246.554688,"inc",-1427.066406,-4223.101563,-1063.910156,-631.304687999997,125.082031999998
2022-01-24,36654.328125,377.523437000003,"inc",1246.554688,-1427.066406,-4223.101563,-1063.910156,-631.304687999997
2022-01-25,36954.003906,299.675780999998,"inc",377.523437000003,1246.554688,-1427.066406,-4223.101563,-1063.910156
2022-01-26,36852.121094,-101.882811999996,"dec",299.675780999998,377.523437000003,1246.554688,-1427.066406,-4223.101563
2022-01-27,37138.234375,286.113280999998,"inc",-101.882811999996,299.675780999998,377.523437000003,1246.554688,-1427.066406
2022-01-28,37784.332031,646.097655999998,"inc",286.113280999998,-101.882811999996,299.675780999998,377.523437000003,1246.554688
2022-01-29,38138.179688,353.847656999998,"inc",646.097655999998,286.113280999998,-101.882811999996,299.675780999998,377.523437000003
2022-01-30,37917.601563,-220.578125,"dec",353.847656999998,646.097655999998,286.113280999998,-101.882811999996,299.675780999998
2022-01-31,38483.125,565.523437000003,"inc",-220.578125,353.847656999998,646.097655999998,286.113280999998,-101.882811999996
2022-02-01,38743.273438,260.148437999997,"inc",565.523437000003,-220.578125,353.847656999998,646.097655999998,286.113280999998
2022-02-02,36952.984375,-1790.289063,"dec",260.148437999997,565.523437000003,-220.578125,353.847656999998,646.097655999998
2022-02-03,37154.601563,201.617187999997,"inc",-1790.289063,260.148437999997,565.523437000003,-220.578125,353.847656999998
2022-02-04,41500.875,4346.273437,"inc",201.617187999997,-1790.289063,260.148437999997,565.523437000003,-220.578125
2022-02-05,41441.164063,-59.7109370000035,"dec",4346.273437,201.617187999997,-1790.289063,260.148437999997,565.523437000003
2022-02-06,42412.433594,971.269531000005,"inc",-59.7109370000035,4346.273437,201.617187999997,-1790.289063,260.148437999997
2022-02-07,43840.285156,1427.851562,"inc",971.269531000005,-59.7109370000035,4346.273437,201.617187999997,-1790.289063
2022-02-08,44118.445313,278.160156999998,"inc",1427.851562,971.269531000005,-59.7109370000035,4346.273437,201.617187999997
2022-02-09,44338.796875,220.351562000003,"inc",278.160156999998,1427.851562,971.269531000005,-59.7109370000035,4346.273437
2022-02-10,43565.113281,-773.683594000002,"dec",220.351562000003,278.160156999998,1427.851562,971.269531000005,-59.7109370000035
2022-02-11,42407.9375,-1157.175781,"dec",-773.683594000002,220.351562000003,278.160156999998,1427.851562,971.269531000005
2022-02-12,42244.46875,-163.46875,"dec",-1157.175781,-773.683594000002,220.351562000003,278.160156999998,1427.851562
2022-02-13,42197.515625,-46.953125,"dec",-163.46875,-1157.175781,-773.683594000002,220.351562000003,278.160156999998
2022-02-14,42586.917969,389.402344000002,"inc",-46.953125,-163.46875,-1157.175781,-773.683594000002,220.351562000003
2022-02-15,44575.203125,1988.285156,"inc",389.402344000002,-46.953125,-163.46875,-1157.175781,-773.683594000002
2022-02-16,43961.859375,-613.34375,"dec",1988.285156,389.402344000002,-46.953125,-163.46875,-1157.175781
2022-02-17,40538.011719,-3423.847656,"dec",-613.34375,1988.285156,389.402344000002,-46.953125,-163.46875
2022-02-18,40030.976563,-507.035156000005,"dec",-3423.847656,-613.34375,1988.285156,389.402344000002,-46.953125
2022-02-19,40122.15625,91.1796870000035,"inc",-507.035156000005,-3423.847656,-613.34375,1988.285156,389.402344000002
2022-02-20,38431.378906,-1690.777344,"dec",91.1796870000035,-507.035156000005,-3423.847656,-613.34375,1988.285156
2022-02-21,37075.28125,-1356.097656,"dec",-1690.777344,91.1796870000035,-507.035156000005,-3423.847656,-613.34375
2022-02-22,38286.027344,1210.746094,"inc",-1356.097656,-1690.777344,91.1796870000035,-507.035156000005,-3423.847656
2022-02-23,37296.570313,-989.457031000005,"dec",1210.746094,-1356.097656,-1690.777344,91.1796870000035,-507.035156000005
2022-02-24,38332.609375,1036.039062,"inc",-989.457031000005,1210.746094,-1356.097656,-1690.777344,91.1796870000035
2022-02-25,39214.21875,881.609375,"inc",1036.039062,-989.457031000005,1210.746094,-1356.097656,-1690.777344
2022-02-26,39105.148438,-109.070312000003,"dec",881.609375,1036.039062,-989.457031000005,1210.746094,-1356.097656
2022-02-27,37709.785156,-1395.363282,"dec",-109.070312000003,881.609375,1036.039062,-989.457031000005,1210.746094
2022-02-28,43193.234375,5483.449219,"inc",-1395.363282,-109.070312000003,881.609375,1036.039062,-989.457031000005
2022-03-01,44354.636719,1161.402344,"inc",5483.449219,-1395.363282,-109.070312000003,881.609375,1036.039062
2022-03-02,43924.117188,-430.519531000005,"dec",1161.402344,5483.449219,-1395.363282,-109.070312000003,881.609375
2022-03-03,42451.789063,-1472.328125,"dec",-430.519531000005,1161.402344,5483.449219,-1395.363282,-109.070312000003
2022-03-04,39137.605469,-3314.18359399999,"dec",-1472.328125,-430.519531000005,1161.402344,5483.449219,-1395.363282
2022-03-05,39400.585938,262.980468999995,"inc",-3314.18359399999,-1472.328125,-430.519531000005,1161.402344,5483.449219
2022-03-06,38419.984375,-980.601562999997,"dec",262.980468999995,-3314.18359399999,-1472.328125,-430.519531000005,1161.402344
2022-03-07,38062.039063,-357.945312000003,"dec",-980.601562999997,262.980468999995,-3314.18359399999,-1472.328125,-430.519531000005
2022-03-08,38737.269531,675.230468000002,"inc",-357.945312000003,-980.601562999997,262.980468999995,-3314.18359399999,-1472.328125
2022-03-09,41982.925781,3245.65625,"inc",675.230468000002,-357.945312000003,-980.601562999997,262.980468999995,-3314.18359399999
2022-03-10,39437.460938,-2545.464843,"dec",3245.65625,675.230468000002,-357.945312000003,-980.601562999997,262.980468999995
2022-03-11,38794.972656,-642.488281999998,"dec",-2545.464843,3245.65625,675.230468000002,-357.945312000003,-980.601562999997
2022-03-12,38904.011719,109.039063000004,"inc",-642.488281999998,-2545.464843,3245.65625,675.230468000002,-357.945312000003
2022-03-13,37849.664063,-1054.34765600001,"dec",109.039063000004,-642.488281999998,-2545.464843,3245.65625,675.230468000002
2022-03-14,39666.753906,1817.089843,"inc",-1054.34765600001,109.039063000004,-642.488281999998,-2545.464843,3245.65625
2022-03-15,39338.785156,-327.96875,"dec",1817.089843,-1054.34765600001,109.039063000004,-642.488281999998,-2545.464843
2022-03-16,41143.929688,1805.144532,"inc",-327.96875,1817.089843,-1054.34765600001,109.039063000004,-642.488281999998
2022-03-17,40951.378906,-192.550781999998,"dec",1805.144532,-327.96875,1817.089843,-1054.34765600001,109.039063000004
2022-03-18,41801.15625,849.777344000002,"inc",-192.550781999998,1805.144532,-327.96875,1817.089843,-1054.34765600001
2022-03-19,42190.652344,389.496094000002,"inc",849.777344000002,-192.550781999998,1805.144532,-327.96875,1817.089843
2022-03-20,41247.824219,-942.828125,"dec",389.496094000002,849.777344000002,-192.550781999998,1805.144532,-327.96875
2022-03-21,41077.996094,-169.828125,"dec",-942.828125,389.496094000002,849.777344000002,-192.550781999998,1805.144532
2022-03-22,42358.808594,1280.8125,"inc",-169.828125,-942.828125,389.496094000002,849.777344000002,-192.550781999998
2022-03-23,42892.957031,534.148436999996,"inc",1280.8125,-169.828125,-942.828125,389.496094000002,849.777344000002
2022-03-24,43960.933594,1067.976563,"inc",534.148436999996,1280.8125,-169.828125,-942.828125,389.496094000002
2022-03-25,44348.730469,387.796875,"inc",1067.976563,534.148436999996,1280.8125,-169.828125,-942.828125
2022-03-26,44500.828125,152.097655999998,"inc",387.796875,1067.976563,534.148436999996,1280.8125,-169.828125
2022-03-27,46820.492188,2319.664063,"inc",152.097655999998,387.796875,1067.976563,534.148436999996,1280.8125
2022-03-28,47128.003906,307.511718000002,"inc",2319.664063,152.097655999998,387.796875,1067.976563,534.148436999996
2022-03-29,47465.730469,337.726563000004,"inc",307.511718000002,2319.664063,152.097655999998,387.796875,1067.976563
2022-03-30,47062.664063,-403.066406000005,"dec",337.726563000004,307.511718000002,2319.664063,152.097655999998,387.796875
2022-03-31,45538.675781,-1523.988282,"dec",-403.066406000005,337.726563000004,307.511718000002,2319.664063,152.097655999998
2022-04-01,46281.644531,742.96875,"inc",-1523.988282,-403.066406000005,337.726563000004,307.511718000002,2319.664063
2022-04-02,45868.949219,-412.695311999996,"dec",742.96875,-1523.988282,-403.066406000005,337.726563000004,307.511718000002
2022-04-03,46453.566406,584.617186999996,"inc",-412.695311999996,742.96875,-1523.988282,-403.066406000005,337.726563000004
2022-04-04,46622.675781,169.109375,"inc",584.617186999996,-412.695311999996,742.96875,-1523.988282,-403.066406000005
2022-04-05,45555.992188,-1066.683593,"dec",169.109375,584.617186999996,-412.695311999996,742.96875,-1523.988282
2022-04-06,43206.738281,-2349.253907,"dec",-1066.683593,169.109375,584.617186999996,-412.695311999996,742.96875
2022-04-07,43503.847656,297.109375,"inc",-2349.253907,-1066.683593,169.109375,584.617186999996,-412.695311999996
2022-04-08,42287.664063,-1216.183593,"dec",297.109375,-2349.253907,-1066.683593,169.109375,584.617186999996
2022-04-09,42782.136719,494.472656000005,"inc",-1216.183593,297.109375,-2349.253907,-1066.683593,169.109375
2022-04-10,42207.671875,-574.464844000002,"dec",494.472656000005,-1216.183593,297.109375,-2349.253907,-1066.683593
2022-04-11,39521.902344,-2685.769531,"dec",-574.464844000002,494.472656000005,-1216.183593,297.109375,-2349.253907
2022-04-12,40127.183594,605.28125,"inc",-2685.769531,-574.464844000002,494.472656000005,-1216.183593,297.109375
2022-04-13,41166.730469,1039.546875,"inc",605.28125,-2685.769531,-574.464844000002,494.472656000005,-1216.183593
2022-04-14,39935.515625,-1231.214844,"dec",1039.546875,605.28125,-2685.769531,-574.464844000002,494.472656000005
2022-04-15,40553.464844,617.949219000002,"inc",-1231.214844,1039.546875,605.28125,-2685.769531,-574.464844000002
2022-04-16,40424.484375,-128.980469000002,"dec",617.949219000002,-1231.214844,1039.546875,605.28125,-2685.769531
2022-04-17,39716.953125,-707.53125,"dec",-128.980469000002,617.949219000002,-1231.214844,1039.546875,605.28125
2022-04-18,40826.214844,1109.261719,"inc",-707.53125,-128.980469000002,617.949219000002,-1231.214844,1039.546875
2022-04-19,41502.75,676.535155999998,"inc",1109.261719,-707.53125,-128.980469000002,617.949219000002,-1231.214844
2022-04-20,41374.378906,-128.371094000002,"dec",676.535155999998,1109.261719,-707.53125,-128.980469000002,617.949219000002
2022-04-21,40527.363281,-847.015625,"dec",-128.371094000002,676.535155999998,1109.261719,-707.53125,-128.980469000002
2022-04-22,39740.320313,-787.042968000002,"dec",-847.015625,-128.371094000002,676.535155999998,1109.261719,-707.53125
2022-04-23,39486.730469,-253.589843999995,"dec",-787.042968000002,-847.015625,-128.371094000002,676.535155999998,1109.261719
2022-04-24,39469.292969,-17.4375,"dec",-253.589843999995,-787.042968000002,-847.015625,-128.371094000002,676.535155999998
2022-04-25,40458.308594,989.015625,"inc",-17.4375,-253.589843999995,-787.042968000002,-847.015625,-128.371094000002
2022-04-26,38117.460938,-2340.84765600001,"dec",989.015625,-17.4375,-253.589843999995,-787.042968000002,-847.015625
2022-04-27,39241.121094,1123.66015600001,"inc",-2340.84765600001,989.015625,-17.4375,-253.589843999995,-787.042968000002
2022-04-28,39773.828125,532.707030999998,"inc",1123.66015600001,-2340.84765600001,989.015625,-17.4375,-253.589843999995
2022-04-29,38609.824219,-1164.003906,"dec",532.707030999998,1123.66015600001,-2340.84765600001,989.015625,-17.4375
2022-04-30,37714.875,-894.949219000002,"dec",-1164.003906,532.707030999998,1123.66015600001,-2340.84765600001,989.015625
2022-05-01,38469.09375,754.21875,"inc",-894.949219000002,-1164.003906,532.707030999998,1123.66015600001,-2340.84765600001
2022-05-02,38529.328125,60.234375,"inc",754.21875,-894.949219000002,-1164.003906,532.707030999998,1123.66015600001
2022-05-03,37750.453125,-778.875,"dec",60.234375,754.21875,-894.949219000002,-1164.003906,532.707030999998
2022-05-04,39698.371094,1947.917969,"inc",-778.875,60.234375,754.21875,-894.949219000002,-1164.003906
2022-05-05,36575.140625,-3123.230469,"dec",1947.917969,-778.875,60.234375,754.21875,-894.949219000002
2022-05-06,36040.921875,-534.21875,"dec",-3123.230469,1947.917969,-778.875,60.234375,754.21875
2022-05-07,35501.953125,-538.96875,"dec",-534.21875,-3123.230469,1947.917969,-778.875,60.234375
2022-05-08,34059.265625,-1442.6875,"dec",-538.96875,-534.21875,-3123.230469,1947.917969,-778.875
2022-05-09,30296.953125,-3762.3125,"dec",-1442.6875,-538.96875,-534.21875,-3123.230469,1947.917969
2022-05-10,31022.90625,725.953125,"inc",-3762.3125,-1442.6875,-538.96875,-534.21875,-3123.230469
2022-05-11,28936.355469,-2086.550781,"dec",725.953125,-3762.3125,-1442.6875,-538.96875,-534.21875
2022-05-12,29047.751953,111.396484000001,"inc",-2086.550781,725.953125,-3762.3125,-1442.6875,-538.96875
2022-05-13,29283.103516,235.351563,"inc",111.396484000001,-2086.550781,725.953125,-3762.3125,-1442.6875
2022-05-14,30101.265625,818.162109000001,"inc",235.351563,111.396484000001,-2086.550781,725.953125,-3762.3125
2022-05-15,31305.113281,1203.847656,"inc",818.162109000001,235.351563,111.396484000001,-2086.550781,725.953125
2022-05-16,29862.917969,-1442.195312,"dec",1203.847656,818.162109000001,235.351563,111.396484000001,-2086.550781
2022-05-17,30425.857422,562.939453000003,"inc",-1442.195312,1203.847656,818.162109000001,235.351563,111.396484000001
2022-05-18,28720.271484,-1705.585938,"dec",562.939453000003,-1442.195312,1203.847656,818.162109000001,235.351563
2022-05-19,30314.333984,1594.0625,"inc",-1705.585938,562.939453000003,-1442.195312,1203.847656,818.162109000001
2022-05-20,29200.740234,-1113.59375,"dec",1594.0625,-1705.585938,562.939453000003,-1442.195312,1203.847656
2022-05-21,29432.226563,231.486328999999,"inc",-1113.59375,1594.0625,-1705.585938,562.939453000003,-1442.195312
2022-05-22,30323.722656,891.496093000002,"inc",231.486328999999,-1113.59375,1594.0625,-1705.585938,562.939453000003
2022-05-23,29098.910156,-1224.8125,"dec",891.496093000002,231.486328999999,-1113.59375,1594.0625,-1705.585938
2022-05-24,29655.585938,556.675781999998,"inc",-1224.8125,891.496093000002,231.486328999999,-1113.59375,1594.0625
2022-05-25,29562.361328,-93.2246100000011,"dec",556.675781999998,-1224.8125,891.496093000002,231.486328999999,-1113.59375
2022-05-26,29267.224609,-295.136718999998,"dec",-93.2246100000011,556.675781999998,-1224.8125,891.496093000002,231.486328999999
2022-05-27,28627.574219,-639.650390000003,"dec",-295.136718999998,-93.2246100000011,556.675781999998,-1224.8125,891.496093000002
2022-05-28,28814.900391,187.326172000001,"inc",-639.650390000003,-295.136718999998,-93.2246100000011,556.675781999998,-1224.8125
2022-05-29,29445.957031,631.056640000003,"inc",187.326172000001,-639.650390000003,-295.136718999998,-93.2246100000011,556.675781999998
2022-05-30,31726.390625,2280.433594,"inc",631.056640000003,187.326172000001,-639.650390000003,-295.136718999998,-93.2246100000011
2022-05-31,31792.310547,65.919922000001,"inc",2280.433594,631.056640000003,187.326172000001,-639.650390000003,-295.136718999998
2022-06-01,29799.080078,-1993.230469,"dec",65.919922000001,2280.433594,631.056640000003,187.326172000001,-639.650390000003
2022-06-02,30467.488281,668.408203000003,"inc",-1993.230469,65.919922000001,2280.433594,631.056640000003,187.326172000001
2022-06-03,29704.390625,-763.097656000002,"dec",668.408203000003,-1993.230469,65.919922000001,2280.433594,631.056640000003
2022-06-04,29832.914063,128.523438,"inc",-763.097656000002,668.408203000003,-1993.230469,65.919922000001,2280.433594
2022-06-05,29906.662109,73.7480460000006,"inc",128.523438,-763.097656000002,668.408203000003,-1993.230469,65.919922000001
2022-06-06,31370.671875,1464.009766,"inc",73.7480460000006,128.523438,-763.097656000002,668.408203000003,-1993.230469
2022-06-07,31155.478516,-215.193359000001,"dec",1464.009766,73.7480460000006,128.523438,-763.097656000002,668.408203000003
2022-06-08,30214.355469,-941.123047000001,"dec",-215.193359000001,1464.009766,73.7480460000006,128.523438,-763.097656000002
2022-06-09,30111.998047,-102.357421999997,"dec",-941.123047000001,-215.193359000001,1464.009766,73.7480460000006,128.523438
2022-06-10,29083.804688,-1028.193359,"dec",-102.357421999997,-941.123047000001,-215.193359000001,1464.009766,73.7480460000006
2022-06-11,28360.810547,-722.994140999999,"dec",-1028.193359,-102.357421999997,-941.123047000001,-215.193359000001,1464.009766
2022-06-12,26762.648438,-1598.162109,"dec",-722.994140999999,-1028.193359,-102.357421999997,-941.123047000001,-215.193359000001
2022-06-13,22487.388672,-4275.259766,"dec",-1598.162109,-722.994140999999,-1028.193359,-102.357421999997,-941.123047000001
2022-06-14,22206.792969,-280.595703000003,"dec",-4275.259766,-1598.162109,-722.994140999999,-1028.193359,-102.357421999997
2022-06-15,22572.839844,366.046875,"inc",-280.595703000003,-4275.259766,-1598.162109,-722.994140999999,-1028.193359
2022-06-16,20381.650391,-2191.189453,"dec",366.046875,-280.595703000003,-4275.259766,-1598.162109,-722.994140999999
2022-06-17,20471.482422,89.8320310000017,"inc",-2191.189453,366.046875,-280.595703000003,-4275.259766,-1598.162109
2022-06-18,19017.642578,-1453.839844,"dec",89.8320310000017,-2191.189453,366.046875,-280.595703000003,-4275.259766
2022-06-19,20553.271484,1535.628906,"inc",-1453.839844,89.8320310000017,-2191.189453,366.046875,-280.595703000003
2022-06-20,20599.537109,46.265625,"inc",1535.628906,-1453.839844,89.8320310000017,-2191.189453,366.046875
2022-06-21,20710.597656,111.060547000001,"inc",46.265625,1535.628906,-1453.839844,89.8320310000017,-2191.189453
2022-06-22,19987.029297,-723.568359000001,"dec",111.060547000001,46.265625,1535.628906,-1453.839844,89.8320310000017
2022-06-23,21085.876953,1098.847656,"inc",-723.568359000001,111.060547000001,46.265625,1535.628906,-1453.839844
2022-06-24,21231.65625,145.779297000001,"inc",1098.847656,-723.568359000001,111.060547000001,46.265625,1535.628906
2022-06-25,21502.337891,270.681640999999,"inc",145.779297000001,1098.847656,-723.568359000001,111.060547000001,46.265625
2022-06-26,21027.294922,-475.042968999998,"dec",270.681640999999,145.779297000001,1098.847656,-723.568359000001,111.060547000001
2022-06-27,20735.478516,-291.816406000002,"dec",-475.042968999998,270.681640999999,145.779297000001,1098.847656,-723.568359000001
2022-06-28,20280.634766,-454.84375,"dec",-291.816406000002,-475.042968999998,270.681640999999,145.779297000001,1098.847656
2022-06-29,20104.023438,-176.611327999999,"dec",-454.84375,-291.816406000002,-475.042968999998,270.681640999999,145.779297000001
2022-06-30,19784.726563,-319.296875,"dec",-176.611327999999,-454.84375,-291.816406000002,-475.042968999998,270.681640999999
2022-07-01,19269.367188,-515.359375,"dec",-319.296875,-176.611327999999,-454.84375,-291.816406000002,-475.042968999998
2022-07-02,19242.255859,-27.1113289999994,"dec",-515.359375,-319.296875,-176.611327999999,-454.84375,-291.816406000002
2022-07-03,19297.076172,54.8203130000002,"inc",-27.1113289999994,-515.359375,-319.296875,-176.611327999999,-454.84375
2022-07-04,20231.261719,934.185546999997,"inc",54.8203130000002,-27.1113289999994,-515.359375,-319.296875,-176.611327999999
2022-07-05,20190.115234,-41.1464849999975,"dec",934.185546999997,54.8203130000002,-27.1113289999994,-515.359375,-319.296875
2022-07-06,20548.246094,358.130859999997,"inc",-41.1464849999975,934.185546999997,54.8203130000002,-27.1113289999994,-515.359375
2022-07-07,21637.587891,1089.341797,"inc",358.130859999997,-41.1464849999975,934.185546999997,54.8203130000002,-27.1113289999994
2022-07-08,21731.117188,93.529297000001,"inc",1089.341797,358.130859999997,-41.1464849999975,934.185546999997,54.8203130000002
2022-07-09,21592.207031,-138.910156999998,"dec",93.529297000001,1089.341797,358.130859999997,-41.1464849999975,934.185546999997
2022-07-10,20860.449219,-731.757812000003,"dec",-138.910156999998,93.529297000001,1089.341797,358.130859999997,-41.1464849999975
2022-07-11,19970.556641,-889.892577999999,"dec",-731.757812000003,-138.910156999998,93.529297000001,1089.341797,358.130859999997
2022-07-12,19323.914063,-646.642577999999,"dec",-889.892577999999,-731.757812000003,-138.910156999998,93.529297000001,1089.341797
2022-07-13,20212.074219,888.160155999998,"inc",-646.642577999999,-889.892577999999,-731.757812000003,-138.910156999998,93.529297000001
2022-07-14,20569.919922,357.845703000003,"inc",888.160155999998,-646.642577999999,-889.892577999999,-731.757812000003,-138.910156999998
2022-07-15,20836.328125,266.408202999999,"inc",357.845703000003,888.160155999998,-646.642577999999,-889.892577999999,-731.757812000003
2022-07-16,21190.316406,353.988281000002,"inc",266.408202999999,357.845703000003,888.160155999998,-646.642577999999,-889.892577999999
2022-07-17,20779.34375,-410.972656000002,"dec",353.988281000002,266.408202999999,357.845703000003,888.160155999998,-646.642577999999
2022-07-18,22485.689453,1706.345703,"inc",-410.972656000002,353.988281000002,266.408202999999,357.845703000003,888.160155999998
2022-07-19,23389.433594,903.744140999999,"inc",1706.345703,-410.972656000002,353.988281000002,266.408202999999,357.845703000003
2022-07-20,23231.732422,-157.701171999997,"dec",903.744140999999,1706.345703,-410.972656000002,353.988281000002,266.408202999999
2022-07-21,23164.628906,-67.1035159999992,"dec",-157.701171999997,903.744140999999,1706.345703,-410.972656000002,353.988281000002
2022-07-22,22714.978516,-449.650390000003,"dec",-67.1035159999992,-157.701171999997,903.744140999999,1706.345703,-410.972656000002
2022-07-23,22465.478516,-249.5,"dec",-449.650390000003,-67.1035159999992,-157.701171999997,903.744140999999,1706.345703
2022-07-24,22609.164063,143.685547000001,"inc",-249.5,-449.650390000003,-67.1035159999992,-157.701171999997,903.744140999999
2022-07-25,21361.701172,-1247.462891,"dec",143.685547000001,-249.5,-449.650390000003,-67.1035159999992,-157.701171999997
2022-07-26,21239.753906,-121.947265999999,"dec",-1247.462891,143.685547000001,-249.5,-449.650390000003,-67.1035159999992
2022-07-27,22930.548828,1690.794922,"inc",-121.947265999999,-1247.462891,143.685547000001,-249.5,-449.650390000003
2022-07-28,23843.886719,913.337890999999,"inc",1690.794922,-121.947265999999,-1247.462891,143.685547000001,-249.5
2022-07-29,23804.632813,-39.2539059999981,"dec",913.337890999999,1690.794922,-121.947265999999,-1247.462891,143.685547000001
2022-07-30,23656.207031,-148.425781999998,"dec",-39.2539059999981,913.337890999999,1690.794922,-121.947265999999,-1247.462891
2022-07-31,23336.896484,-319.310547000001,"dec",-148.425781999998,-39.2539059999981,913.337890999999,1690.794922,-121.947265999999
2022-08-01,23314.199219,-22.6972650000025,"dec",-319.310547000001,-148.425781999998,-39.2539059999981,913.337890999999,1690.794922
2022-08-02,22978.117188,-336.082030999998,"dec",-22.6972650000025,-319.310547000001,-148.425781999998,-39.2539059999981,913.337890999999
2022-08-03,22846.507813,-131.609375,"dec",-336.082030999998,-22.6972650000025,-319.310547000001,-148.425781999998,-39.2539059999981
2022-08-04,22630.957031,-215.550781999998,"dec",-131.609375,-336.082030999998,-22.6972650000025,-319.310547000001,-148.425781999998
2022-08-05,23289.314453,658.357421999997,"inc",-215.550781999998,-131.609375,-336.082030999998,-22.6972650000025,-319.310547000001
2022-08-06,22961.279297,-328.035155999998,"dec",658.357421999997,-215.550781999998,-131.609375,-336.082030999998,-22.6972650000025
2022-08-07,23175.890625,214.611327999999,"inc",-328.035155999998,658.357421999997,-215.550781999998,-131.609375,-336.082030999998
2022-08-08,23809.486328,633.595702999999,"inc",214.611327999999,-328.035155999998,658.357421999997,-215.550781999998,-131.609375
2022-08-09,23164.318359,-645.167968999998,"dec",633.595702999999,214.611327999999,-328.035155999998,658.357421999997,-215.550781999998
2022-08-10,23947.642578,783.324218999998,"inc",-645.167968999998,633.595702999999,214.611327999999,-328.035155999998,658.357421999997
2022-08-11,23957.529297,9.8867190000019,"inc",783.324218999998,-645.167968999998,633.595702999999,214.611327999999,-328.035155999998
2022-08-12,24402.818359,445.289062,"inc",9.8867190000019,783.324218999998,-645.167968999998,633.595702999999,214.611327999999
2022-08-13,24424.068359,21.25,"inc",445.289062,9.8867190000019,783.324218999998,-645.167968999998,633.595702999999
2022-08-14,24319.333984,-104.734375,"dec",21.25,445.289062,9.8867190000019,783.324218999998,-645.167968999998
2022-08-15,24136.972656,-182.361327999999,"dec",-104.734375,21.25,445.289062,9.8867190000019,783.324218999998
2022-08-16,23883.291016,-253.681640000003,"dec",-182.361327999999,-104.734375,21.25,445.289062,9.8867190000019
2022-08-17,23335.998047,-547.292968999998,"dec",-253.681640000003,-182.361327999999,-104.734375,21.25,445.289062
2022-08-18,23212.738281,-123.259765999999,"dec",-547.292968999998,-253.681640000003,-182.361327999999,-104.734375,21.25
2022-08-19,20877.552734,-2335.185547,"dec",-123.259765999999,-547.292968999998,-253.681640000003,-182.361327999999,-104.734375
2022-08-20,21166.060547,288.507813,"inc",-2335.185547,-123.259765999999,-547.292968999998,-253.681640000003,-182.361327999999
2022-08-21,21534.121094,368.060546999997,"inc",288.507813,-2335.185547,-123.259765999999,-547.292968999998,-253.681640000003
2022-08-22,21398.908203,-135.212890999999,"dec",368.060546999997,288.507813,-2335.185547,-123.259765999999,-547.292968999998
2022-08-23,21528.087891,129.179688,"inc",-135.212890999999,368.060546999997,288.507813,-2335.185547,-123.259765999999
2022-08-24,21395.019531,-133.068359999997,"dec",129.179688,-135.212890999999,368.060546999997,288.507813,-2335.185547
2022-08-25,21600.904297,205.884765999999,"inc",-133.068359999997,129.179688,-135.212890999999,368.060546999997,288.507813
2022-08-26,20260.019531,-1340.884766,"dec",205.884765999999,-133.068359999997,129.179688,-135.212890999999,368.060546999997
2022-08-27,20041.738281,-218.28125,"dec",-1340.884766,205.884765999999,-133.068359999997,129.179688,-135.212890999999
2022-08-28,19616.814453,-424.923828000003,"dec",-218.28125,-1340.884766,205.884765999999,-133.068359999997,129.179688
2022-08-29,20297.994141,681.179688,"inc",-424.923828000003,-218.28125,-1340.884766,205.884765999999,-133.068359999997
2022-08-30,19796.808594,-501.185547000001,"dec",681.179688,-424.923828000003,-218.28125,-1340.884766,205.884765999999
2022-08-31,20049.763672,252.955078000003,"inc",-501.185547000001,681.179688,-424.923828000003,-218.28125,-1340.884766
2022-09-01,20127.140625,77.376952999999,"inc",252.955078000003,-501.185547000001,681.179688,-424.923828000003,-218.28125
2022-09-02,19969.771484,-157.369140999999,"dec",77.376952999999,252.955078000003,-501.185547000001,681.179688,-424.923828000003
2022-09-03,19832.087891,-137.683593000002,"dec",-157.369140999999,77.376952999999,252.955078000003,-501.185547000001,681.179688
2022-09-04,19986.712891,154.625,"inc",-137.683593000002,-157.369140999999,77.376952999999,252.955078000003,-501.185547000001
2022-09-05,19812.371094,-174.341797000001,"dec",154.625,-137.683593000002,-157.369140999999,77.376952999999,252.955078000003
2022-09-06,18837.667969,-974.703125,"dec",-174.341797000001,154.625,-137.683593000002,-157.369140999999,77.376952999999
2022-09-07,19290.324219,452.65625,"inc",-974.703125,-174.341797000001,154.625,-137.683593000002,-157.369140999999
2022-09-08,19329.833984,39.5097650000025,"inc",452.65625,-974.703125,-174.341797000001,154.625,-137.683593000002
2022-09-09,21381.152344,2051.31836,"inc",39.5097650000025,452.65625,-974.703125,-174.341797000001,154.625
2022-09-10,21680.539063,299.386719000002,"inc",2051.31836,39.5097650000025,452.65625,-974.703125,-174.341797000001
2022-09-11,21769.255859,88.7167960000006,"inc",299.386719000002,2051.31836,39.5097650000025,452.65625,-974.703125
2022-09-12,22370.449219,601.193359999997,"inc",88.7167960000006,299.386719000002,2051.31836,39.5097650000025,452.65625
2022-09-13,20296.707031,-2073.742188,"dec",601.193359999997,88.7167960000006,299.386719000002,2051.31836,39.5097650000025
2022-09-14,20241.089844,-55.6171870000035,"dec",-2073.742188,601.193359999997,88.7167960000006,299.386719000002,2051.31836
2022-09-15,19701.210938,-539.878905999998,"dec",-55.6171870000035,-2073.742188,601.193359999997,88.7167960000006,299.386719000002
2022-09-16,19772.583984,71.3730460000006,"inc",-539.878905999998,-55.6171870000035,-2073.742188,601.193359999997,88.7167960000006
2022-09-17,20127.576172,354.992188,"inc",71.3730460000006,-539.878905999998,-55.6171870000035,-2073.742188,601.193359999997
2022-09-18,19419.505859,-708.070313,"dec",354.992188,71.3730460000006,-539.878905999998,-55.6171870000035,-2073.742188
2022-09-19,19544.128906,124.623047000001,"inc",-708.070313,354.992188,71.3730460000006,-539.878905999998,-55.6171870000035
2022-09-20,18890.789063,-653.339843000002,"dec",124.623047000001,-708.070313,354.992188,71.3730460000006,-539.878905999998
2022-09-21,18547.400391,-343.388672000001,"dec",-653.339843000002,124.623047000001,-708.070313,354.992188,71.3730460000006
2022-09-22,19413.550781,866.150390000003,"inc",-343.388672000001,-653.339843000002,124.623047000001,-708.070313,354.992188
2022-09-23,19297.638672,-115.912109000001,"dec",866.150390000003,-343.388672000001,-653.339843000002,124.623047000001,-708.070313
2022-09-24,18937.011719,-360.626953000003,"dec",-115.912109000001,866.150390000003,-343.388672000001,-653.339843000002,124.623047000001
2022-09-25,18802.097656,-134.914062999997,"dec",-360.626953000003,-115.912109000001,866.150390000003,-343.388672000001,-653.339843000002
2022-09-26,19222.671875,420.574218999998,"inc",-134.914062999997,-360.626953000003,-115.912109000001,866.150390000003,-343.388672000001
2022-09-27,19110.546875,-112.125,"dec",420.574218999998,-134.914062999997,-360.626953000003,-115.912109000001,866.150390000003
2022-09-28,19426.720703,316.173827999999,"inc",-112.125,420.574218999998,-134.914062999997,-360.626953000003,-115.912109000001
2022-09-29,19573.050781,146.330078000003,"inc",316.173827999999,-112.125,420.574218999998,-134.914062999997,-360.626953000003
2022-09-30,19431.789063,-141.261718000002,"dec",146.330078000003,316.173827999999,-112.125,420.574218999998,-134.914062999997
2022-10-01,19312.095703,-119.693360000001,"dec",-141.261718000002,146.330078000003,316.173827999999,-112.125,420.574218999998
2022-10-02,19044.107422,-267.988280999998,"dec",-119.693360000001,-141.261718000002,146.330078000003,316.173827999999,-112.125
2022-10-03,19623.580078,579.472655999998,"inc",-267.988280999998,-119.693360000001,-141.261718000002,146.330078000003,316.173827999999
2022-10-04,20336.84375,713.263672000001,"inc",579.472655999998,-267.988280999998,-119.693360000001,-141.261718000002,146.330078000003
2022-10-05,20160.716797,-176.126952999999,"dec",713.263672000001,579.472655999998,-267.988280999998,-119.693360000001,-141.261718000002
2022-10-06,19955.443359,-205.273438,"dec",-176.126952999999,713.263672000001,579.472655999998,-267.988280999998,-119.693360000001
2022-10-07,19546.849609,-408.59375,"dec",-205.273438,-176.126952999999,713.263672000001,579.472655999998,-267.988280999998
2022-10-08,19416.568359,-130.28125,"dec",-408.59375,-205.273438,-176.126952999999,713.263672000001,579.472655999998
2022-10-09,19446.425781,29.857422000001,"inc",-130.28125,-408.59375,-205.273438,-176.126952999999,713.263672000001
2022-10-10,19141.484375,-304.941406000002,"dec",29.857422000001,-130.28125,-408.59375,-205.273438,-176.126952999999
2022-10-11,19051.417969,-90.0664060000017,"dec",-304.941406000002,29.857422000001,-130.28125,-408.59375,-205.273438
2022-10-12,19157.445313,106.027344000002,"inc",-90.0664060000017,-304.941406000002,29.857422000001,-130.28125,-408.59375
2022-10-13,19382.904297,225.458984000001,"inc",106.027344000002,-90.0664060000017,-304.941406000002,29.857422000001,-130.28125
2022-10-14,19185.65625,-197.248047000001,"dec",225.458984000001,106.027344000002,-90.0664060000017,-304.941406000002,29.857422000001
2022-10-15,19067.634766,-118.021484000001,"dec",-197.248047000001,225.458984000001,106.027344000002,-90.0664060000017,-304.941406000002
2022-10-16,19268.09375,200.458984000001,"inc",-118.021484000001,-197.248047000001,225.458984000001,106.027344000002,-90.0664060000017
2022-10-17,19550.757813,282.664063,"inc",200.458984000001,-118.021484000001,-197.248047000001,225.458984000001,106.027344000002
2022-10-18,19334.416016,-216.341797000001,"dec",282.664063,200.458984000001,-118.021484000001,-197.248047000001,225.458984000001
2022-10-19,19139.535156,-194.880859999997,"dec",-216.341797000001,282.664063,200.458984000001,-118.021484000001,-197.248047000001
2022-10-20,19053.740234,-85.794922000001,"dec",-194.880859999997,-216.341797000001,282.664063,200.458984000001,-118.021484000001
2022-10-21,19172.46875,118.728515999999,"inc",-85.794922000001,-194.880859999997,-216.341797000001,282.664063,200.458984000001
2022-10-22,19208.189453,35.720702999999,"inc",118.728515999999,-85.794922000001,-194.880859999997,-216.341797000001,282.664063
2022-10-23,19567.007813,358.818360000001,"inc",35.720702999999,118.728515999999,-85.794922000001,-194.880859999997,-216.341797000001
2022-10-24,19345.572266,-221.435547000001,"dec",358.818360000001,35.720702999999,118.728515999999,-85.794922000001,-194.880859999997
2022-10-25,20095.857422,750.285156000002,"inc",-221.435547000001,358.818360000001,35.720702999999,118.728515999999,-85.794922000001
2022-10-26,20770.441406,674.583984000001,"inc",750.285156000002,-221.435547000001,358.818360000001,35.720702999999,118.728515999999
2022-10-27,20285.835938,-484.605468000002,"dec",674.583984000001,750.285156000002,-221.435547000001,358.818360000001,35.720702999999
2022-10-28,20595.351563,309.515625,"inc",-484.605468000002,674.583984000001,750.285156000002,-221.435547000001,358.818360000001
2022-10-29,20818.476563,223.125,"inc",309.515625,-484.605468000002,674.583984000001,750.285156000002,-221.435547000001
2022-10-30,20635.603516,-182.873047000001,"dec",223.125,309.515625,-484.605468000002,674.583984000001,750.285156000002
2022-10-31,20495.773438,-139.830077999999,"dec",-182.873047000001,223.125,309.515625,-484.605468000002,674.583984000001
2022-11-01,20485.273438,-10.5,"dec",-139.830077999999,-182.873047000001,223.125,309.515625,-484.605468000002
2022-11-02,20159.503906,-325.769531999998,"dec",-10.5,-139.830077999999,-182.873047000001,223.125,309.515625
2022-11-03,20209.988281,50.484375,"inc",-325.769531999998,-10.5,-139.830077999999,-182.873047000001,223.125
2022-11-04,21147.230469,937.242187999997,"inc",50.484375,-325.769531999998,-10.5,-139.830077999999,-182.873047000001
2022-11-05,21282.691406,135.460937000003,"inc",937.242187999997,50.484375,-325.769531999998,-10.5,-139.830077999999
2022-11-06,20926.486328,-356.205078000003,"dec",135.460937000003,937.242187999997,50.484375,-325.769531999998,-10.5
2022-11-07,20602.816406,-323.669921999997,"dec",-356.205078000003,135.460937000003,937.242187999997,50.484375,-325.769531999998
2022-11-08,18541.271484,-2061.544922,"dec",-323.669921999997,-356.205078000003,135.460937000003,937.242187999997,50.484375
2022-11-09,15880.780273,-2660.491211,"dec",-2061.544922,-323.669921999997,-356.205078000003,135.460937000003,937.242187999997
2022-11-10,17586.771484,1705.991211,"inc",-2660.491211,-2061.544922,-323.669921999997,-356.205078000003,135.460937000003
2022-11-11,17034.292969,-552.478515000003,"dec",1705.991211,-2660.491211,-2061.544922,-323.669921999997,-356.205078000003
2022-11-12,16799.185547,-235.107421999997,"dec",-552.478515000003,1705.991211,-2660.491211,-2061.544922,-323.669921999997
2022-11-13,16353.365234,-445.820313,"dec",-235.107421999997,-552.478515000003,1705.991211,-2660.491211,-2061.544922
2022-11-14,16618.199219,264.833984999997,"inc",-445.820313,-235.107421999997,-552.478515000003,1705.991211,-2660.491211
2022-11-15,16884.613281,266.414062000003,"inc",264.833984999997,-445.820313,-235.107421999997,-552.478515000003,1705.991211
2022-11-16,16669.439453,-215.173828000003,"dec",266.414062000003,264.833984999997,-445.820313,-235.107421999997,-552.478515000003
2022-11-17,16687.517578,18.078125,"inc",-215.173828000003,266.414062000003,264.833984999997,-445.820313,-235.107421999997
2022-11-18,16697.777344,10.2597659999992,"inc",18.078125,-215.173828000003,266.414062000003,264.833984999997,-445.820313
2022-11-19,16711.546875,13.7695310000017,"inc",10.2597659999992,18.078125,-215.173828000003,266.414062000003,264.833984999997
2022-11-20,16291.832031,-419.714844,"dec",13.7695310000017,10.2597659999992,18.078125,-215.173828000003,266.414062000003
2022-11-21,15787.28418,-504.547850999999,"dec",-419.714844,13.7695310000017,10.2597659999992,18.078125,-215.173828000003
2022-11-22,16189.769531,402.485350999999,"inc",-504.547850999999,-419.714844,13.7695310000017,10.2597659999992,18.078125
2022-11-23,16610.707031,420.937500000002,"inc",402.485350999999,-504.547850999999,-419.714844,13.7695310000017,10.2597659999992
2022-11-24,16604.464844,-6.24218700000347,"dec",420.937500000002,402.485350999999,-504.547850999999,-419.714844,13.7695310000017
2022-11-25,16521.841797,-82.6230469999973,"dec",-6.24218700000347,420.937500000002,402.485350999999,-504.547850999999,-419.714844
2022-11-26,16464.28125,-57.560547000001,"dec",-82.6230469999973,-6.24218700000347,420.937500000002,402.485350999999,-504.547850999999
2022-11-27,16444.626953,-19.654297000001,"dec",-57.560547000001,-82.6230469999973,-6.24218700000347,420.937500000002,402.485350999999
2022-11-28,16217.322266,-227.304687,"dec",-19.654297000001,-57.560547000001,-82.6230469999973,-6.24218700000347,420.937500000002
2022-11-29,16444.982422,227.660156000002,"inc",-227.304687,-19.654297000001,-57.560547000001,-82.6230469999973,-6.24218700000347
2022-11-30,17168.566406,723.583984000001,"inc",227.660156000002,-227.304687,-19.654297000001,-57.560547000001,-82.6230469999973
2022-12-01,16967.132813,-201.433593000002,"dec",723.583984000001,227.660156000002,-227.304687,-19.654297000001,-57.560547000001
2022-12-02,17088.660156,121.527343000002,"inc",-201.433593000002,723.583984000001,227.660156000002,-227.304687,-19.654297000001
2022-12-03,16908.236328,-180.423828000003,"dec",121.527343000002,-201.433593000002,723.583984000001,227.660156000002,-227.304687
2022-12-04,17130.486328,222.25,"inc",-180.423828000003,121.527343000002,-201.433593000002,723.583984000001,227.660156000002
2022-12-05,16974.826172,-155.660155999998,"dec",222.25,-180.423828000003,121.527343000002,-201.433593000002,723.583984000001
2022-12-06,17089.503906,114.677734000001,"inc",-155.660155999998,222.25,-180.423828000003,121.527343000002,-201.433593000002
2022-12-07,16848.126953,-241.376953000003,"dec",114.677734000001,-155.660155999998,222.25,-180.423828000003,121.527343000002
2022-12-08,17233.474609,385.347656000002,"inc",-241.376953000003,114.677734000001,-155.660155999998,222.25,-180.423828000003
2022-12-09,17133.152344,-100.322265000003,"dec",385.347656000002,-241.376953000003,114.677734000001,-155.660155999998,222.25
2022-12-10,17128.724609,-4.42773499999748,"dec",-100.322265000003,385.347656000002,-241.376953000003,114.677734000001,-155.660155999998
2022-12-11,17104.193359,-24.53125,"dec",-4.42773499999748,-100.322265000003,385.347656000002,-241.376953000003,114.677734000001
2022-12-12,17206.4375,102.244140999999,"inc",-24.53125,-4.42773499999748,-100.322265000003,385.347656000002,-241.376953000003
2022-12-13,17781.318359,574.880859000001,"inc",102.244140999999,-24.53125,-4.42773499999748,-100.322265000003,385.347656000002
2022-12-14,17815.650391,34.3320319999984,"inc",574.880859000001,102.244140999999,-24.53125,-4.42773499999748,-100.322265000003
2022-12-15,17364.865234,-450.785156999998,"dec",34.3320319999984,574.880859000001,102.244140999999,-24.53125,-4.42773499999748
2022-12-16,16647.484375,-717.380859000001,"dec",-450.785156999998,34.3320319999984,574.880859000001,102.244140999999,-24.53125
2022-12-17,16795.091797,147.607422000001,"inc",-717.380859000001,-450.785156999998,34.3320319999984,574.880859000001,102.244140999999
2022-12-18,16757.976563,-37.1152340000008,"dec",147.607422000001,-717.380859000001,-450.785156999998,34.3320319999984,574.880859000001
2022-12-19,16439.679688,-318.296875,"dec",-37.1152340000008,147.607422000001,-717.380859000001,-450.785156999998,34.3320319999984
2022-12-20,16906.304688,466.625,"inc",-318.296875,-37.1152340000008,147.607422000001,-717.380859000001,-450.785156999998
2022-12-21,16817.535156,-88.7695319999984,"dec",466.625,-318.296875,-37.1152340000008,147.607422000001,-717.380859000001
2022-12-22,16830.341797,12.8066409999992,"inc",-88.7695319999984,466.625,-318.296875,-37.1152340000008,147.607422000001
2022-12-23,16796.953125,-33.388672000001,"dec",12.8066409999992,-88.7695319999984,466.625,-318.296875,-37.1152340000008
2022-12-24,16847.755859,50.8027340000008,"inc",-33.388672000001,12.8066409999992,-88.7695319999984,466.625,-318.296875
2022-12-25,16841.986328,-5.76953100000173,"dec",50.8027340000008,-33.388672000001,12.8066409999992,-88.7695319999984,466.625
2022-12-26,16919.804688,77.8183600000011,"inc",-5.76953100000173,50.8027340000008,-33.388672000001,12.8066409999992,-88.7695319999984
2022-12-27,16717.173828,-202.630860000001,"dec",77.8183600000011,-5.76953100000173,50.8027340000008,-33.388672000001,12.8066409999992
2022-12-28,16552.572266,-164.601562,"dec",-202.630860000001,77.8183600000011,-5.76953100000173,50.8027340000008,-33.388672000001
2022-12-29,16642.341797,89.7695310000017,"inc",-164.601562,-202.630860000001,77.8183600000011,-5.76953100000173,50.8027340000008
2022-12-30,16602.585938,-39.7558590000008,"dec",89.7695310000017,-164.601562,-202.630860000001,77.8183600000011,-5.76953100000173
2022-12-31,16547.496094,-55.0898440000019,"dec",-39.7558590000008,89.7695310000017,-164.601562,-202.630860000001,77.8183600000011
